{
  "company": "Caran d'Ache",
  "inkname": "Hypnotic Turqoise",
  "dominant": {
    "rgb": {
      "r": 0,
      "g": 123,
      "b": 145
    },
    "hsl": {
      "α": -0.5,
      "β": -0.07109163762409568,
      "H": 3.282829255725151,
      "S": 2.9712076624390353,
      "L": 0.27052238805970147,
      "C": 1.6075563845285823
    }
  },
  "id": "033576e388942ce66d1aabbd4a57190c"
}