{
  "company": "Talens Ecoline",
  "inkname": "411",
  "dominant": {
    "rgb": {
      "r": 171,
      "g": 77,
      "b": 17
    },
    "hsl": {
      "α": 0.4679245283018868,
      "β": 0.19608122349836346,
      "H": 0.39681553351304755,
      "S": 2.2763730972846354,
      "L": 0.35471698113207545,
      "C": 1.6149363859981565
    }
  },
  "id": "066bbded28d4f87d16455785b11a3202"
}