{
  "company": "Montegrappa",
  "inkname": "Bordeaux",
  "dominant": {
    "rgb": {
      "r": 144,
      "g": 80,
      "b": 93
    },
    "hsl": {
      "α": 0.18138801261829654,
      "β": -0.03551523737917258,
      "H": 6.08983429451983,
      "S": 0.8326049924841538,
      "L": 0.35331230283911674,
      "C": 0.5883391744998437
    }
  },
  "id": "06ec6e9eee6cc44efa011d9522471b85"
}