{
  "company": "Sheaffer",
  "inkname": "Purple",
  "dominant": {
    "rgb": {
      "r": 116,
      "g": 96,
      "b": 155
    },
    "hsl": {
      "α": -0.02588555858310626,
      "β": -0.1392247924340106,
      "H": 4.528561660328997,
      "S": 0.6590808572672817,
      "L": 0.3419618528610354,
      "C": 0.4507610222727185
    }
  },
  "id": "08cac6811c3e5ed15c4f406283174d10"
}