{
  "company": "Delta",
  "inkname": "Yellow",
  "dominant": {
    "rgb": {
      "r": 195,
      "g": 176,
      "b": 0
    },
    "hsl": {
      "α": 0.28840970350404305,
      "β": 0.4108368492346663,
      "H": 0.9587256965773379,
      "S": 3.0399141696506247,
      "L": 0.2628032345013477,
      "C": 1.5977985527813254
    }
  },
  "id": "0944b0d9fe3444630277bd2384510ca5"
}