{
  "company": "Rohrer & Klingner",
  "inkname": "Verdura",
  "dominant": {
    "rgb": {
      "r": 0,
      "g": 121,
      "b": 68
    },
    "hsl": {
      "α": -0.5,
      "β": 0.24285368465912832,
      "H": 2.6894443874784995,
      "S": 2.7636960528031618,
      "L": 0.3201058201058201,
      "C": 1.769350383011548
    }
  },
  "id": "0ccdcaf32ff489dfac6c384d3b22e73a"
}