{
  "company": "Organics Studio",
  "inkname": "Blue Merle",
  "dominant": {
    "rgb": {
      "r": 81,
      "g": 93,
      "b": 101
    },
    "hsl": {
      "α": -0.05818181818181817,
      "β": -0.02519346629191091,
      "H": 3.550230508687385,
      "S": 0.30494079705606075,
      "L": 0.33090909090909093,
      "C": 0.20181536386982932
    }
  },
  "id": "0f0395aef93058d785de7e741f063cb3"
}