{
  "company": "Rohrer & Klingner",
  "inkname": "Blue Mare",
  "dominant": {
    "rgb": {
      "r": 0,
      "g": 115,
      "b": 170
    },
    "hsl": {
      "α": -0.5,
      "β": -0.16712770950226008,
      "H": 3.4641728553983007,
      "S": 2.813293776167616,
      "L": 0.2982456140350877,
      "C": 1.6781050594684024
    }
  },
  "id": "10060ef0202feb9c11431c22977f280c"
}