{
  "company": "Pilot/Namiki Iroshizuku",
  "inkname": "inaho",
  "dominant": {
    "rgb": {
      "r": 152,
      "g": 143,
      "b": 98
    },
    "hsl": {
      "α": 0.08015267175572521,
      "β": 0.09916321417379065,
      "H": 0.8910206802181002,
      "S": 0.6380187986270124,
      "L": 0.31806615776081426,
      "C": 0.405864375716929
    }
  },
  "id": "1105e11baa487546b996da91067cf57b"
}