{
  "company": "Organics Studio",
  "inkname": "Edgar Allan Poe",
  "dominant": {
    "rgb": {
      "r": 110,
      "g": 55,
      "b": 65
    },
    "hsl": {
      "α": 0.21739130434782614,
      "β": -0.03765327842541035,
      "H": 6.111681753177173,
      "S": 0.978937126962466,
      "L": 0.3586956521739131,
      "C": 0.702280982386117
    }
  },
  "id": "1138c1a3c8d7500687dba0570fc6a5cb"
}