{
  "company": "Talens Ecoline",
  "inkname": "545",
  "dominant": {
    "rgb": {
      "r": 157,
      "g": 41,
      "b": 126
    },
    "hsl": {
      "α": 0.22685185185185183,
      "β": -0.2271980225977694,
      "H": 5.49702473705476,
      "S": 1.6723171191400947,
      "L": 0.3055555555555556,
      "C": 1.0219715728078358
    }
  },
  "id": "1757f5262b285fce5e1149374db73d60"
}