{
  "company": "Noodler's Ink",
  "inkname": "Mandalay Maroon",
  "dominant": {
    "rgb": {
      "r": 133,
      "g": 0,
      "b": 31
    },
    "hsl": {
      "α": 0.7164634146341464,
      "β": -0.1636999238860829,
      "H": 6.058557895159361,
      "S": 2.884605681779314,
      "L": 0.4054878048780488,
      "C": 2.339344851686883
    }
  },
  "id": "17a6bcbd833717278c960ca018423d1c"
}