{
  "company": "Rohrer & Klingner",
  "inkname": "Koningsblau",
  "dominant": {
    "rgb": {
      "r": 0,
      "g": 52,
      "b": 142
    },
    "hsl": {
      "α": -0.5,
      "β": -0.40176436258040965,
      "H": 3.8184815568393544,
      "S": 2.789352263871254,
      "L": 0.36597938144329895,
      "C": 2.041690832318134
    }
  },
  "id": "183d258114ceef4d36f46a007f8a6934"
}