{
  "company": "Waterman",
  "inkname": "Intense Black",
  "dominant": {
    "rgb": {
      "r": 69,
      "g": 66,
      "b": 61
    },
    "hsl": {
      "α": 0.028061224489795922,
      "β": 0.02209248479041933,
      "H": 0.6669463445036636,
      "S": 0.1713976310220411,
      "L": 0.33163265306122447,
      "C": 0.11368210220849664
    }
  },
  "id": "189cacb2ecd35eb19f88daf913465a22"
}