{
  "company": "Sheaffer",
  "inkname": "Brown",
  "dominant": {
    "rgb": {
      "r": 107,
      "g": 47,
      "b": 35
    },
    "hsl": {
      "α": 0.3492063492063493,
      "β": 0.0549857399228215,
      "H": 0.1561768709784972,
      "S": 1.4976967103920484,
      "L": 0.3756613756613757,
      "C": 1.1252536130987878
    }
  },
  "id": "259831427d2c12cebd97866f8b525b83"
}