{
  "company": "Noodler's Ink",
  "inkname": "Empire Red",
  "dominant": {
    "rgb": {
      "r": 174,
      "g": 60,
      "b": 63
    },
    "hsl": {
      "α": 0.3787878787878788,
      "β": -0.008747731351357974,
      "H": 6.260095400700623,
      "S": 1.5307440264684549,
      "L": 0.3939393939393939,
      "C": 1.2060407481266613
    }
  },
  "id": "26127787c72c8bc8386733363186f9b7"
}