{
  "company": "Noodler's Ink",
  "inkname": "Tiananmen",
  "dominant": {
    "rgb": {
      "r": 137,
      "g": 32,
      "b": 41
    },
    "hsl": {
      "α": 0.47857142857142854,
      "β": -0.0371153744479045,
      "H": 6.205785723786948,
      "S": 1.8985920078581309,
      "L": 0.4023809523809524,
      "C": 1.5279145206096387
    }
  },
  "id": "2f656ae1a25106387fb3d388a56c3938"
}