{
  "company": "De Atramentis",
  "inkname": "Petrol",
  "dominant": {
    "rgb": {
      "r": 0,
      "g": 94,
      "b": 94
    },
    "hsl": {
      "α": -0.5,
      "β": 0,
      "H": 3.141592653589793,
      "S": 3.183098861837907,
      "L": 0.25,
      "C": 1.5915494309189535
    }
  },
  "id": "30b16d9c84cd085f7159e8e693f3c2de"
}