{
  "company": "Pilot/Namiki Iroshizuku",
  "inkname": "takesumi",
  "dominant": {
    "rgb": {
      "r": 40,
      "g": 36,
      "b": 36
    },
    "hsl": {
      "α": 0.0357142857142857,
      "β": 0,
      "H": 0,
      "S": 0.16753151904410027,
      "L": 0.3392857142857143,
      "C": 0.11368210220849662
    }
  },
  "id": "33aee25e5c15657951bdaed80e457019"
}