{
  "company": "Waterman",
  "inkname": "Inspired Blue",
  "dominant": {
    "rgb": {
      "r": 0,
      "g": 118,
      "b": 154
    },
    "hsl": {
      "α": -0.5,
      "β": -0.11462100932441097,
      "H": 3.366941023780459,
      "S": 2.883965596349105,
      "L": 0.28308823529411764,
      "C": 1.6328334626388314
    }
  },
  "id": "345ee3759b8670a77ce54f04381d4ab8"
}