{
  "company": "Diamine",
  "inkname": "Chocolate Brown",
  "dominant": {
    "rgb": {
      "r": 57,
      "g": 28,
      "b": 20
    },
    "hsl": {
      "α": 0.3142857142857143,
      "β": 0.06598288790738581,
      "H": 0.20694004580144743,
      "S": 1.3939257294186813,
      "L": 0.36666666666666664,
      "C": 1.0222122015736996
    }
  },
  "id": "380b2b1d5d43f01f23219d49cab17739"
}