{
  "company": "Pelikan 4001",
  "inkname": "Royal Blue",
  "dominant": {
    "rgb": {
      "r": 34,
      "g": 79,
      "b": 158
    },
    "hsl": {
      "α": -0.3118081180811808,
      "β": -0.25245759003310203,
      "H": 3.822194266029102,
      "S": 1.8025030458942648,
      "L": 0.35424354243542433,
      "C": 1.2770501284564533
    }
  },
  "id": "392183c5fc6b1dd0a0dfc4785df7a1d6"
}