{
  "company": "Diamine",
  "inkname": "Florida Blue",
  "dominant": {
    "rgb": {
      "r": 0,
      "g": 114,
      "b": 175
    },
    "hsl": {
      "α": -0.5,
      "β": -0.1827942893801064,
      "H": 3.4920867942764953,
      "S": 2.798468232909744,
      "L": 0.3027681660899654,
      "C": 1.6945741894782187
    }
  },
  "id": "3cb8914ae46d1aeaf2111a78bde3c284"
}