{
  "company": "Noodler's Ink",
  "inkname": "Kung-te-Cheng",
  "dominant": {
    "rgb": {
      "r": 54,
      "g": 60,
      "b": 96
    },
    "hsl": {
      "α": -0.1142857142857143,
      "β": -0.14846149779161805,
      "H": 4.05633560632435,
      "S": 0.8349190041311098,
      "L": 0.3571428571428571,
      "C": 0.5963707172365069
    }
  },
  "id": "40a07f0a2ca2af047ba7e3a4f5bb9efb"
}