{
  "company": "Waterman",
  "inkname": "Mysterious Blue",
  "dominant": {
    "rgb": {
      "r": 70,
      "g": 114,
      "b": 137
    },
    "hsl": {
      "α": -0.17289719626168223,
      "β": -0.06205166444561399,
      "H": 3.4861682594343315,
      "S": 0.9067386481978983,
      "L": 0.32242990654205606,
      "C": 0.5847193151930372
    }
  },
  "id": "418e30ca3d229510c76ab3da08212c1b"
}