{
  "company": "Sheaffer",
  "inkname": "Blue",
  "dominant": {
    "rgb": {
      "r": 83,
      "g": 101,
      "b": 151
    },
    "hsl": {
      "α": -0.12835820895522387,
      "β": -0.12925752295290127,
      "H": 3.930481715380319,
      "S": 0.830116614208166,
      "L": 0.3492537313432836,
      "C": 0.57984264992451
    }
  },
  "id": "42d24d42a1e026f6c758698cab896669"
}