{
  "company": "Waterman",
  "inkname": "Tender Purple",
  "dominant": {
    "rgb": {
      "r": 80,
      "g": 58,
      "b": 147
    },
    "hsl": {
      "α": -0.07894736842105265,
      "β": -0.27044302083093,
      "H": 4.42836263563315,
      "S": 1.2467377260777763,
      "L": 0.35964912280701755,
      "C": 0.896776259108576
    }
  },
  "id": "4583302a6bd769ee277b8b5f9edae715"
}