{
  "company": "Caran d'Ache",
  "inkname": "Ultra Violet",
  "dominant": {
    "rgb": {
      "r": 97,
      "g": 73,
      "b": 95
    },
    "hsl": {
      "α": 0.049056603773584895,
      "β": -0.07189644861606659,
      "H": 5.311152438828749,
      "S": 0.4318739631667179,
      "L": 0.32075471698113206,
      "C": 0.2770512216541209
    }
  },
  "id": "482f1747c4393a710a7b487185571dac"
}