{
  "company": "Noodler's Ink",
  "inkname": "Burgundy",
  "dominant": {
    "rgb": {
      "r": 83,
      "g": 0,
      "b": 58
    },
    "hsl": {
      "α": 0.3829787234042553,
      "β": -0.3562374001382797,
      "H": 5.533946619434975,
      "S": 2.828339666095985,
      "L": 0.29432624113475175,
      "C": 1.6649091651487005
    }
  },
  "id": "4899711279059641313bc7a0049b4d8d"
}