{
  "company": "Caran d'Ache",
  "inkname": "Delicate Green",
  "dominant": {
    "rgb": {
      "r": 115,
      "g": 151,
      "b": 75
    },
    "hsl": {
      "α": 0.005865102639296169,
      "β": 0.19301445949447898,
      "H": 1.5404188180233114,
      "S": 0.9274410721695718,
      "L": 0.3313782991202346,
      "C": 0.6146676900595989
    }
  },
  "id": "4a154332ebf0ebf54830689f1f0fc729"
}