{
  "company": "Noodler's Ink",
  "inkname": "Rabaul Red",
  "dominant": {
    "rgb": {
      "r": 167,
      "g": 56,
      "b": 48
    },
    "hsl": {
      "α": 0.42435424354243534,
      "β": 0.02556532557297237,
      "H": 0.060172517297425544,
      "S": 1.7056747271124442,
      "L": 0.39667896678966785,
      "C": 1.3532105768604261
    }
  },
  "id": "50e6341440ac13e3e1669252ac6c4365"
}