{
  "company": "Noodler's Ink",
  "inkname": "Bernanke Black",
  "dominant": {
    "rgb": {
      "r": 43,
      "g": 46,
      "b": 41
    },
    "hsl": {
      "α": -0.0038461538461538602,
      "β": 0.03330866937632459,
      "H": 1.6857572472956035,
      "S": 0.15948053179368718,
      "L": 0.33461538461538465,
      "C": 0.10672927896962144
    }
  },
  "id": "539414b96400c8fe62f799c3ca5a80bb"
}