{
  "company": "Lamy",
  "inkname": "Green",
  "dominant": {
    "rgb": {
      "r": 0,
      "g": 125,
      "b": 99
    },
    "hsl": {
      "α": -0.5,
      "β": 0.10052080579640808,
      "H": 2.943195745046265,
      "S": 2.9091224988617035,
      "L": 0.27901785714285715,
      "C": 1.6233942515969328
    }
  },
  "id": "5f8062388511c7db143984be68544767"
}