{
  "company": "Noodler's Ink",
  "inkname": "Blue-Black",
  "dominant": {
    "rgb": {
      "r": 19,
      "g": 31,
      "b": 41
    },
    "hsl": {
      "α": -0.18681318681318682,
      "β": -0.09516762678949875,
      "H": 3.6127531584390735,
      "S": 1.0121609287642803,
      "L": 0.32967032967032966,
      "C": 0.6673588541302947
    }
  },
  "id": "6072d6b0fde6710dc291002f0c6621a1"
}