{
  "company": "Noodler's Ink",
  "inkname": "Blue",
  "dominant": {
    "rgb": {
      "r": 7,
      "g": 81,
      "b": 164
    },
    "hsl": {
      "α": -0.45833333333333337,
      "β": -0.2852385258496365,
      "H": 3.6982758649611096,
      "S": 2.5323400838539114,
      "L": 0.3392857142857143,
      "C": 1.71837362832944
    }
  },
  "id": "647bd481f2d960a3184f9091b3002e77"
}