{
  "company": "Noodler's Ink",
  "inkname": "Black Swan in English Roses",
  "dominant": {
    "rgb": {
      "r": 106,
      "g": 46,
      "b": 42
    },
    "hsl": {
      "α": 0.3195876288659793,
      "β": 0.017856193892462634,
      "H": 0.05581457528332367,
      "S": 1.335540075855084,
      "L": 0.38144329896907214,
      "C": 1.0188656248791361
    }
  },
  "id": "654b3fe3047480ec52ae14ab4b094231"
}