{
  "company": "Diamine",
  "inkname": "Peach Haze",
  "dominant": {
    "rgb": {
      "r": 207,
      "g": 80,
      "b": 0
    },
    "hsl": {
      "α": 0.5818815331010453,
      "β": 0.2414008094172651,
      "H": 0.39325283094734376,
      "S": 2.7802291943281268,
      "L": 0.3606271777003484,
      "C": 2.0052524154213316
    }
  },
  "id": "6a09908495bb6bfaaa4013519f544327"
}