{
  "company": "Talens Ecoline",
  "inkname": "656",
  "dominant": {
    "rgb": {
      "r": 0,
      "g": 119,
      "b": 43
    },
    "hsl": {
      "α": -0.5,
      "β": 0.40628352276307,
      "H": 2.4592357149703106,
      "S": 2.7917525257827243,
      "L": 0.36728395061728397,
      "C": 2.05073179363052
    }
  },
  "id": "6b1779fac3ceb8625de100107faf7f5e"
}