{
  "company": "Diamine",
  "inkname": "Macassar",
  "dominant": {
    "rgb": {
      "r": 66,
      "g": 37,
      "b": 27
    },
    "hsl": {
      "α": 0.2615384615384615,
      "β": 0.06661733875264911,
      "H": 0.2494098177667942,
      "S": 1.2008705799905741,
      "L": 0.3576923076923077,
      "C": 0.8590843379932569
    }
  },
  "id": "6cbc8621e2ca27edc08ddebca3a9c9d2"
}