{
  "company": "Noodler's Ink",
  "inkname": "Summer Tanager",
  "dominant": {
    "rgb": {
      "r": 198,
      "g": 93,
      "b": 0
    },
    "hsl": {
      "α": 0.520618556701031,
      "β": 0.27677100533317106,
      "H": 0.4886221202644386,
      "S": 2.7583315301904454,
      "L": 0.3402061855670103,
      "C": 1.8768028968306125
    }
  },
  "id": "6fec26061069fb938a6645d0bf94d8a3"
}