{
  "company": "Delta",
  "inkname": "Red",
  "dominant": {
    "rgb": {
      "r": 177,
      "g": 18,
      "b": 50
    },
    "hsl": {
      "α": 0.5836734693877551,
      "β": -0.11311352212694709,
      "H": 6.091762288225837,
      "S": 2.3777024437091496,
      "L": 0.3979591836734694,
      "C": 1.892457047033813
    }
  },
  "id": "73321785501b4fb7102a83385730fee6"
}