{
  "company": "Diamine",
  "inkname": "Imperial Blue",
  "dominant": {
    "rgb": {
      "r": 86,
      "g": 89,
      "b": 138
    },
    "hsl": {
      "α": -0.08785942492012777,
      "β": -0.13557586193430513,
      "H": 4.137388469158415,
      "S": 0.7185673383874536,
      "L": 0.35782747603833864,
      "C": 0.5142462741175386
    }
  },
  "id": "74c3728c1cb49aad3b66bd2943d681fc"
}