{
  "company": "Noodler's Ink",
  "inkname": "Whaleman's Sepia",
  "dominant": {
    "rgb": {
      "r": 52,
      "g": 36,
      "b": 37
    },
    "hsl": {
      "α": 0.12400000000000003,
      "β": -0.006928203230275515,
      "H": 6.227370731896262,
      "S": 0.5615338955299787,
      "L": 0.352,
      "C": 0.39531986245310496
    }
  },
  "id": "75ab147c3f457738076dd56edc8d7a90"
}