{
  "company": "Private Reserve",
  "inkname": "Midnight Blues",
  "dominant": {
    "rgb": {
      "r": 0,
      "g": 67,
      "b": 136
    },
    "hsl": {
      "α": -0.5,
      "β": -0.29436331458682885,
      "H": 3.6736816703132873,
      "S": 2.7567438353413305,
      "L": 0.33497536945812806,
      "C": 1.8468825694897584
    }
  },
  "id": "7b126c2795344ecfd93e806e6a3f0bf1"
}