{
  "company": "Caran d'Ache",
  "inkname": "Infinite Grey",
  "dominant": {
    "rgb": {
      "r": 91,
      "g": 94,
      "b": 97
    },
    "hsl": {
      "α": -0.015957446808510606,
      "β": -0.009213036210472765,
      "H": 3.6651914291880936,
      "S": 0.0879780152268816,
      "L": 0.33333333333333337,
      "C": 0.05865201015125441
    }
  },
  "id": "7e63599100435e7a5cc7f427b73e996e"
}