{
  "company": "Lamy",
  "inkname": "Blue",
  "dominant": {
    "rgb": {
      "r": 58,
      "g": 90,
      "b": 153
    },
    "hsl": {
      "α": -0.21096345514950166,
      "β": -0.1812611310246499,
      "H": 3.8514072312210863,
      "S": 1.262977756935006,
      "L": 0.3504983388704319,
      "C": 0.8853432116720474
    }
  },
  "id": "818675606c3ded84113367a5471bcf0f"
}