{
  "company": "Diamine",
  "inkname": "Aqua Blue",
  "dominant": {
    "rgb": {
      "r": 0,
      "g": 128,
      "b": 181
    },
    "hsl": {
      "α": -0.5,
      "β": -0.148541574111894,
      "H": 3.4303712936306425,
      "S": 2.834432046949634,
      "L": 0.2928802588996764,
      "C": 1.6602983834882972
    }
  },
  "id": "847b070ab308c9c87f5a957b53410913"
}