{
  "company": "Parker Quink",
  "inkname": "Black",
  "dominant": {
    "rgb": {
      "r": 48,
      "g": 41,
      "b": 37
    },
    "hsl": {
      "α": 0.0714285714285714,
      "β": 0.02749286996141075,
      "H": 0.3674219046198018,
      "S": 0.36113757366210497,
      "L": 0.3373015873015873,
      "C": 0.24362455366094385
    }
  },
  "id": "86806f96e0b89c8dfb4d3ea5f7b13c30"
}