{
  "company": "Diamine",
  "inkname": "Monaco Red",
  "dominant": {
    "rgb": {
      "r": 128,
      "g": 32,
      "b": 29
    },
    "hsl": {
      "α": 0.5158730158730158,
      "β": 0.013746434980705375,
      "H": 0.026640631219706952,
      "S": 1.9774669023451228,
      "L": 0.41534391534391535,
      "C": 1.6426576913660544
    }
  },
  "id": "897463a0c723b0353c03abdae3fa362c"
}