{
  "company": "Noodler's Ink",
  "inkname": "Gruene Cactus",
  "dominant": {
    "rgb": {
      "r": 0,
      "g": 104,
      "b": 23
    },
    "hsl": {
      "α": -0.5,
      "β": 0.5523469110751144,
      "H": 2.30649243914845,
      "S": 2.896016822324626,
      "L": 0.4094488188976378,
      "C": 2.3715413348170165
    }
  },
  "id": "8a8ce95ef349b5285c541bea7b30b20e"
}