{
  "company": "Noodler's Ink",
  "inkname": "Green",
  "dominant": {
    "rgb": {
      "r": 0,
      "g": 77,
      "b": 39
    },
    "hsl": {
      "α": -0.5,
      "β": 0.2836979771017989,
      "H": 2.625491792924608,
      "S": 2.756721966447606,
      "L": 0.33189655172413796,
      "C": 1.8298930294522904
    }
  },
  "id": "8a98950d3348afe7dd3fbfa3fc191d3f"
}