{
  "company": "Pilot/Namiki Iroshizuku",
  "inkname": "kosumosu",
  "dominant": {
    "rgb": {
      "r": 150,
      "g": 94,
      "b": 121
    },
    "hsl": {
      "α": 0.1164383561643835,
      "β": -0.06406215315665713,
      "H": 5.780203262511252,
      "S": 0.6328069853556426,
      "L": 0.3342465753424657,
      "C": 0.4230271354158268
    }
  },
  "id": "8ad356b56777fdd89505ad92d09f8e01"
}