{
  "company": "De Atramentis",
  "inkname": "Black Edition Blue",
  "dominant": {
    "rgb": {
      "r": 0,
      "g": 50,
      "b": 65
    },
    "hsl": {
      "α": -0.5,
      "β": -0.11295983527623109,
      "H": 3.363782279013975,
      "S": 2.8867832393816006,
      "L": 0.2826086956521739,
      "C": 1.6316600918243829
    }
  },
  "id": "8bb6d6b8d0dfbedb41f68d87fb918983"
}