{
  "company": "Private Reserve",
  "inkname": "Black Magic Blue",
  "dominant": {
    "rgb": {
      "r": 17,
      "g": 28,
      "b": 96
    },
    "hsl": {
      "α": -0.3191489361702128,
      "β": -0.41765764154143137,
      "H": 4.059899481786318,
      "S": 2.0877403422002643,
      "L": 0.400709219858156,
      "C": 1.673153607578935
    }
  },
  "id": "8e50356b54f5209615181446228dd4a2"
}