{
  "company": "Noodler's Ink",
  "inkname": "Rachmaninov",
  "dominant": {
    "rgb": {
      "r": 226,
      "g": 48,
      "b": 172
    },
    "hsl": {
      "α": 0.26008968609865474,
      "β": -0.24077836338401434,
      "H": 5.536323764804767,
      "S": 1.8363916658303894,
      "L": 0.3071748878923767,
      "C": 1.1281868081558895
    }
  },
  "id": "8e763b9442a4525fb8d0be65aad7d9b4"
}