{
  "company": "Pilot/Namiki Iroshizuku",
  "inkname": "yuyake",
  "dominant": {
    "rgb": {
      "r": 152,
      "g": 100,
      "b": 62
    },
    "hsl": {
      "α": 0.2261146496815287,
      "β": 0.10480562211404032,
      "H": 0.43402903643001134,
      "S": 1.1640025854823897,
      "L": 0.3407643312101911,
      "C": 0.7933011251376796
    }
  },
  "id": "8f9d2a951d32df0fd6a73503e5c469f2"
}