{
  "company": "J. Herbin",
  "inkname": "Perle Noire",
  "dominant": {
    "rgb": {
      "r": 40,
      "g": 34,
      "b": 34
    },
    "hsl": {
      "α": 0.055555555555555525,
      "β": 0,
      "H": 0,
      "S": 0.25808909690577614,
      "L": 0.34259259259259256,
      "C": 0.1768388256576614
    }
  },
  "id": "9038297707b62dda9adcf5492cc7c78b"
}