{
  "company": "Noodler's Ink",
  "inkname": "Blackerase Watererase",
  "dominant": {
    "rgb": {
      "r": 37,
      "g": 30,
      "b": 24
    },
    "hsl": {
      "α": 0.10989010989010989,
      "β": 0.057100576073699234,
      "H": 0.479216380844753,
      "S": 0.5880606948954016,
      "L": 0.3351648351648352,
      "C": 0.3941945317430714
    }
  },
  "id": "97cae677abdf0ea57cf1d7b1011977b3"
}