{
  "company": "Omas",
  "inkname": "Violet",
  "dominant": {
    "rgb": {
      "r": 113,
      "g": 101,
      "b": 153
    },
    "hsl": {
      "α": -0.038147138964577665,
      "β": -0.12270659672150082,
      "H": 4.4109798302105725,
      "S": 0.5909949938891464,
      "L": 0.3460490463215259,
      "C": 0.4090265080322703
    }
  },
  "id": "9af24f177731a1fb0c80fe18934bed8d"
}