{
  "company": "Monteverde",
  "inkname": "Red",
  "dominant": {
    "rgb": {
      "r": 170,
      "g": 8,
      "b": 43
    },
    "hsl": {
      "α": 0.6538461538461539,
      "β": -0.13715334449074817,
      "H": 6.076419214455381,
      "S": 2.64027042318058,
      "L": 0.40271493212669685,
      "C": 2.126552648534585
    }
  },
  "id": "9cc4d054eebc0809e3610a76713717db"
}