{
  "company": "Lamy",
  "inkname": "Black",
  "dominant": {
    "rgb": {
      "r": 69,
      "g": 68,
      "b": 62
    },
    "hsl": {
      "α": 0.020100502512562818,
      "β": 0.026111318707068468,
      "H": 0.9147429527345562,
      "S": 0.15933568781128035,
      "L": 0.3291457286432161,
      "C": 0.10488932212702376
    }
  },
  "id": "a10c387347a732fa96130b724395502c"
}