{
  "company": "Rohrer & Klingner",
  "inkname": "Alternative Bordeaux",
  "dominant": {
    "rgb": {
      "r": 76,
      "g": 1,
      "b": 32
    },
    "hsl": {
      "α": 0.5458715596330276,
      "β": -0.24630080291117062,
      "H": 5.859328497059127,
      "S": 2.6984549326316554,
      "L": 0.3532110091743119,
      "C": 1.9062479799324539
    }
  },
  "id": "a181a7f85cd75beb3fb61bdfe4d68fe2"
}