{
  "company": "Private Reserve",
  "inkname": "American Blue",
  "dominant": {
    "rgb": {
      "r": 0,
      "g": 62,
      "b": 151
    },
    "hsl": {
      "α": -0.5,
      "β": -0.36186037998504716,
      "H": 3.7680618337421907,
      "S": 2.771294915624449,
      "L": 0.3544600938967136,
      "C": 1.9646269120154545
    }
  },
  "id": "a1c7ab0aeac5f214cd2d5775d82eee63"
}