{
  "company": "Noodler's Ink",
  "inkname": "54th Massachusetts",
  "dominant": {
    "rgb": {
      "r": 38,
      "g": 64,
      "b": 77
    },
    "hsl": {
      "α": -0.18156424581005587,
      "β": -0.06289569971618826,
      "H": 3.475065825841625,
      "S": 0.9520169028732699,
      "L": 0.3212290502793296,
      "C": 0.6116309711196984
    }
  },
  "id": "a48d259301059d94b8e1e979519d1db8"
}