{
  "company": "Talens Ecoline",
  "inkname": "548",
  "dominant": {
    "rgb": {
      "r": 90,
      "g": 48,
      "b": 134
    },
    "hsl": {
      "α": -0.0036764705882353366,
      "β": -0.27381685560831515,
      "H": 4.6989630366987285,
      "S": 1.3027076560735487,
      "L": 0.3345588235294118,
      "C": 0.871664681637448
    }
  },
  "id": "a69ac5c319d74e31afe640bac9a1cb0a"
}