{
  "company": "De Atramentis",
  "inkname": "Aubergine",
  "dominant": {
    "rgb": {
      "r": 57,
      "g": 25,
      "b": 58
    },
    "hsl": {
      "α": 0.11071428571428568,
      "β": -0.20413455946347484,
      "H": 5.209347124763282,
      "S": 1.246836560916403,
      "L": 0.29642857142857143,
      "C": 0.7391959611147246
    }
  },
  "id": "ab528a998fd30f17f6f119dd6dee2376"
}