{
  "company": "Noodler's Ink",
  "inkname": "Hellfire",
  "dominant": {
    "rgb": {
      "r": 185,
      "g": 0,
      "b": 79
    },
    "hsl": {
      "α": 0.5511363636363636,
      "β": -0.25915154128397977,
      "H": 5.843649886066325,
      "S": 2.7664133564144135,
      "L": 0.3503787878787879,
      "C": 1.938585117184343
    }
  },
  "id": "ab6e044cce1cfa907fb0215009f50ff0"
}