{
  "company": "Private Reserve",
  "inkname": "Plum",
  "dominant": {
    "rgb": {
      "r": 129,
      "g": 0,
      "b": 104
    },
    "hsl": {
      "α": 0.3304721030042918,
      "β": -0.3865521115604361,
      "H": 5.419733884888643,
      "S": 2.9238792733182395,
      "L": 0.27682403433476394,
      "C": 1.6188001126955058
    }
  },
  "id": "acbdaa4c86d26024b78e0774c0ef0cec"
}