{
  "company": "Pilot/Namiki Iroshizuku",
  "inkname": "yamaguri",
  "dominant": {
    "rgb": {
      "r": 82,
      "g": 72,
      "b": 51
    },
    "hsl": {
      "α": 0.10000000000000003,
      "β": 0.08871479746084492,
      "H": 0.7256689888349939,
      "S": 0.6558710396945586,
      "L": 0.32439024390243903,
      "C": 0.4255163330701283
    }
  },
  "id": "af58f81c487a6172d31377cf6bbef5d8"
}