{
  "company": "Noodler's Ink",
  "inkname": "Forest Green",
  "dominant": {
    "rgb": {
      "r": 59,
      "g": 116,
      "b": 61
    },
    "hsl": {
      "α": -0.125,
      "β": 0.20182795427179717,
      "H": 2.125314724040491,
      "S": 1.0190787283332836,
      "L": 0.3707627118644068,
      "C": 0.7556727858403586
    }
  },
  "id": "b2120dc4c760e99464eb4cebc557083f"
}