{
  "company": "Talens Ecoline",
  "inkname": "318",
  "dominant": {
    "rgb": {
      "r": 172,
      "g": 0,
      "b": 54
    },
    "hsl": {
      "α": 0.6415929203539823,
      "β": -0.20692642391309596,
      "H": 5.9711982920339235,
      "S": 2.8195380599017037,
      "L": 0.3805309734513274,
      "C": 2.145843125234925
    }
  },
  "id": "b59208aadc9e5742e7f79919c683cf3c"
}