{
  "company": "Noodler's Ink",
  "inkname": "Polar Brown",
  "dominant": {
    "rgb": {
      "r": 108,
      "g": 79,
      "b": 61
    },
    "hsl": {
      "α": 0.15322580645161293,
      "β": 0.0628566825327415,
      "H": 0.38928774753515566,
      "S": 0.7736080209875564,
      "L": 0.3407258064516129,
      "C": 0.5271764336568429
    }
  },
  "id": "b5aeb47732a7269d3bbc0051ddb0fe7e"
}