{
  "company": "Diamine",
  "inkname": "Salamander",
  "dominant": {
    "rgb": {
      "r": 91,
      "g": 85,
      "b": 47
    },
    "hsl": {
      "α": 0.11210762331838567,
      "β": 0.14757383562246038,
      "H": 0.9211341971031849,
      "S": 0.9532679111696939,
      "L": 0.3094170403587444,
      "C": 0.5899146714861783
    }
  },
  "id": "bfc44f5f748393888d3bbce852a3c40b"
}