{
  "company": "Platinum",
  "inkname": "Green",
  "dominant": {
    "rgb": {
      "r": 59,
      "g": 142,
      "b": 50
    },
    "hsl": {
      "α": -0.14741035856573706,
      "β": 0.31742763804051144,
      "H": 2.00555268769881,
      "S": 1.4563747768654502,
      "L": 0.38247011952191234,
      "C": 1.1140396699528543
    }
  },
  "id": "c16e048ee0268438fb7ae61087e3efc9"
}