{
  "company": "Noodler's Ink",
  "inkname": "Concord Bream",
  "dominant": {
    "rgb": {
      "r": 115,
      "g": 112,
      "b": 177
    },
    "hsl": {
      "α": -0.07301980198019806,
      "β": -0.13933577041086262,
      "H": 4.229681983310804,
      "S": 0.699985769671503,
      "L": 0.35767326732673266,
      "C": 0.5007323946412484
    }
  },
  "id": "c3c0ec4f087ff9944bd738bb84ded8f7"
}