{
  "company": "Diamine",
  "inkname": "Apple Glory",
  "dominant": {
    "rgb": {
      "r": 65,
      "g": 168,
      "b": 28
    },
    "hsl": {
      "α": -0.12643678160919541,
      "β": 0.4645346993479747,
      "H": 1.8365383737304046,
      "S": 2.0406633670541026,
      "L": 0.37547892720306514,
      "C": 1.5324521836881382
    }
  },
  "id": "cbfe1645ba6c9c6a18c1dd90abf64e89"
}