{
  "company": "Noodler's Ink",
  "inkname": "Sequoia Green",
  "dominant": {
    "rgb": {
      "r": 25,
      "g": 51,
      "b": 38
    },
    "hsl": {
      "α": -0.17105263157894737,
      "β": 0.09875728288769915,
      "H": 2.6179938779914944,
      "S": 0.943062584274118,
      "L": 0.3333333333333333,
      "C": 0.6287083895160787
    }
  },
  "id": "ce1edde0da3affa59584c6d24084688a"
}