{
  "company": "Noodler's Ink",
  "inkname": "Bad Blue Heron",
  "dominant": {
    "rgb": {
      "r": 17,
      "g": 94,
      "b": 124
    },
    "hsl": {
      "α": -0.39148936170212767,
      "β": -0.11055643452567299,
      "H": 3.4168251049450373,
      "S": 2.1581436726972196,
      "L": 0.3,
      "C": 1.2948862036183317
    }
  },
  "id": "d05d8ac9082ed3ff3b2b8efa24a239b2"
}