{
  "company": "Pilot/Namiki Iroshizuku",
  "inkname": "chukurin",
  "dominant": {
    "rgb": {
      "r": 127,
      "g": 139,
      "b": 55
    },
    "hsl": {
      "α": 0.09345794392523364,
      "β": 0.2266234701491989,
      "H": 1.1796521496586385,
      "S": 1.291111862058417,
      "L": 0.30218068535825543,
      "C": 0.7802981347019716
    }
  },
  "id": "d1e37dcca32281df1f518e58dfdee2c4"
}