{
  "company": "Noodler's Ink",
  "inkname": "Navajo Turqois",
  "dominant": {
    "rgb": {
      "r": 0,
      "g": 85,
      "b": 156
    },
    "hsl": {
      "α": -0.5,
      "β": -0.25513611480786363,
      "H": 3.613424235753123,
      "S": 2.760342292242391,
      "L": 0.3236514522821577,
      "C": 1.7867775833602197
    }
  },
  "id": "d339738ea32166912547318d0fae53be"
}