{
  "company": "Noodler's Ink",
  "inkname": "#41 Brown",
  "dominant": {
    "rgb": {
      "r": 41,
      "g": 21,
      "b": 16
    },
    "hsl": {
      "α": 0.28846153846153855,
      "β": 0.05551444896054093,
      "H": 0.1901256033464667,
      "S": 1.27954311218421,
      "L": 0.3653846153846154,
      "C": 0.9350507358269228
    }
  },
  "id": "d3ca662f8ca42e76b4edc883688e536f"
}