{
  "company": "Noodler's Ink",
  "inkname": "Tchaikovsky",
  "dominant": {
    "rgb": {
      "r": 168,
      "g": 26,
      "b": 150
    },
    "hsl": {
      "α": 0.2325581395348837,
      "β": -0.312171947875786,
      "H": 5.352661880354127,
      "S": 2.1971654564043313,
      "L": 0.2819767441860465,
      "C": 1.2390991236698845
    }
  },
  "id": "db1a1e63a3562db58c506245c26d8b5c"
}