{
  "company": "Omas",
  "inkname": "Red",
  "dominant": {
    "rgb": {
      "r": 161,
      "g": 40,
      "b": 63
    },
    "hsl": {
      "α": 0.41477272727272724,
      "β": -0.07544918290546246,
      "H": 6.103247885472811,
      "S": 1.762532519585403,
      "L": 0.3806818181818182,
      "C": 1.3419281683207045
    }
  },
  "id": "dcb6da7a3ce200f628439f8c6c4e7b07"
}