{
  "company": "Platinum",
  "inkname": "Black",
  "dominant": {
    "rgb": {
      "r": 49,
      "g": 43,
      "b": 41
    },
    "hsl": {
      "α": 0.05263157894736842,
      "β": 0.013022938402773512,
      "H": 0.24256387409548527,
      "S": 0.2550405813606142,
      "L": 0.3383458646616541,
      "C": 0.1725838520485359
    }
  },
  "id": "debd9922dc389fc544a3d84898d8e02f"
}