{
  "company": "Omas",
  "inkname": "Sepia",
  "dominant": {
    "rgb": {
      "r": 95,
      "g": 54,
      "b": 40
    },
    "hsl": {
      "α": 0.253968253968254,
      "β": 0.06415002990995841,
      "H": 0.24741551896274722,
      "S": 1.167314860750188,
      "L": 0.35714285714285715,
      "C": 0.8337963291072771
    }
  },
  "id": "e0cc94b1a813133efb952e58c257ad1b"
}