{
  "company": "De Atramentis",
  "inkname": "Mahatma Gandhi",
  "dominant": {
    "rgb": {
      "r": 209,
      "g": 135,
      "b": 0
    },
    "hsl": {
      "α": 0.41133720930232553,
      "β": 0.3398646206712186,
      "H": 0.6905393884296612,
      "S": 2.795508338638053,
      "L": 0.30377906976744184,
      "C": 1.6984338452771892
    }
  },
  "id": "e24311db2bd6490e9d4cbb5044f89301"
}