{
  "company": "Noodler's Ink",
  "inkname": "Socrates",
  "dominant": {
    "rgb": {
      "r": 135,
      "g": 64,
      "b": 128
    },
    "hsl": {
      "α": 0.1192660550458716,
      "β": -0.16949732673456902,
      "H": 5.325557495151276,
      "S": 1.084039915311973,
      "L": 0.30428134556574926,
      "C": 0.659706248156216
    }
  },
  "id": "e3dd5d253aec791f0fca65f3058667e8"
}