{
  "company": "Omas",
  "inkname": "Green",
  "dominant": {
    "rgb": {
      "r": 0,
      "g": 112,
      "b": 75
    },
    "hsl": {
      "α": -0.5,
      "β": 0.17135262000012952,
      "H": 2.8114312298568374,
      "S": 2.809035058094721,
      "L": 0.2994652406417112,
      "C": 1.6824167192866777
    }
  },
  "id": "e4dcd95a7ebc37674e44d7f8a9c59397"
}