{
  "company": "Noodler's Ink",
  "inkname": "Q'ternity",
  "dominant": {
    "rgb": {
      "r": 5,
      "g": 54,
      "b": 81
    },
    "hsl": {
      "α": -0.44642857142857145,
      "β": -0.16701918501557034,
      "H": 3.4995942031202927,
      "S": 2.469892342239156,
      "L": 0.30714285714285716,
      "C": 1.5172195816611957
    }
  },
  "id": "e50c56994655a33d1f07fc6323096a3f"
}