{
  "company": "Sheaffer",
  "inkname": "Blue-Black",
  "dominant": {
    "rgb": {
      "r": 99,
      "g": 113,
      "b": 128
    },
    "hsl": {
      "α": -0.06323529411764703,
      "β": -0.038207003108137,
      "H": 3.685097429500114,
      "S": 0.352240224894212,
      "L": 0.33382352941176474,
      "C": 0.23517215014995918
    }
  },
  "id": "e6b474b91e4b3e67601d6486380e289a"
}