{
  "company": "Monteverde",
  "inkname": "Blue",
  "dominant": {
    "rgb": {
      "r": 60,
      "g": 94,
      "b": 169
    },
    "hsl": {
      "α": -0.22136222910216719,
      "β": -0.20108949004282636,
      "H": 3.8790393050510152,
      "S": 1.3426992294393152,
      "L": 0.35448916408668735,
      "C": 0.9519446549275641
    }
  },
  "id": "e9f9d90aec46bc8520a0182bd109a323"
}