{
  "company": "Organics Studio",
  "inkname": "Charles Darwin",
  "dominant": {
    "rgb": {
      "r": 34,
      "g": 30,
      "b": 30
    },
    "hsl": {
      "α": 0.04255319148936171,
      "β": 0,
      "H": 0,
      "S": 0.1989436788648692,
      "L": 0.34042553191489366,
      "C": 0.13545101539735777
    }
  },
  "id": "ea7a769d1e352cb1bea2290a8137c0c8"
}