{
  "company": "Noodler's Ink",
  "inkname": "Violet",
  "dominant": {
    "rgb": {
      "r": 48,
      "g": 18,
      "b": 76
    },
    "hsl": {
      "α": 0.007042253521126751,
      "β": -0.35372868605279884,
      "H": 4.732294980696712,
      "S": 1.7012453415103428,
      "L": 0.33098591549295775,
      "C": 1.1261764936758607
    }
  },
  "id": "ed0577f4b7d4e886e84ade73533ab2b5"
}