{
  "company": "Pilot/Namiki Iroshizuku",
  "inkname": "asagao",
  "dominant": {
    "rgb": {
      "r": 51,
      "g": 91,
      "b": 157
    },
    "hsl": {
      "α": -0.24414715719063546,
      "β": -0.19116279815977572,
      "H": 3.8058702050342665,
      "S": 1.4188451361612744,
      "L": 0.34782608695652173,
      "C": 0.9870227034165386
    }
  },
  "id": "ef10c8ed88f58985dc04f2030485a392"
}