{
  "company": "De Atramentis",
  "inkname": "U.S. Constitution",
  "dominant": {
    "rgb": {
      "r": 26,
      "g": 115,
      "b": 159
    },
    "hsl": {
      "α": -0.37,
      "β": -0.12701705922171766,
      "H": 3.4722767013388323,
      "S": 2.019262000811403,
      "L": 0.30833333333333335,
      "C": 1.2452115671670319
    }
  },
  "id": "f24a898876fe195423488267a07b3c1a"
}