{
  "company": "Diamine",
  "inkname": "Pink",
  "dominant": {
    "rgb": {
      "r": 203,
      "g": 64,
      "b": 79
    },
    "hsl": {
      "α": 0.3800578034682081,
      "β": -0.037544453921290695,
      "H": 6.184718612689348,
      "S": 1.575336813892592,
      "L": 0.38583815028901736,
      "C": 1.2156500847090235
    }
  },
  "id": "f2b49909f868feb53268fcac8a56b707"
}