{
  "company": "Private Reserve",
  "inkname": "Arabian Rose",
  "dominant": {
    "rgb": {
      "r": 119,
      "g": 53,
      "b": 87
    },
    "hsl": {
      "α": 0.1891891891891892,
      "β": -0.11368673254313093,
      "H": 5.742092853619953,
      "S": 1.0579440596073038,
      "L": 0.33204633204633205,
      "C": 0.7025728890056225
    }
  },
  "id": "f65c70794a79d3939c8016238c4c79f3"
}