{
  "company": "Rohrer & Klingner",
  "inkname": "Blau Permanent",
  "dominant": {
    "rgb": {
      "r": 0,
      "g": 80,
      "b": 131
    },
    "hsl": {
      "α": -0.5,
      "β": -0.2093236757962387,
      "H": 3.538070269939224,
      "S": 2.7790688381477775,
      "L": 0.3104265402843602,
      "C": 1.7253934492765821
    }
  },
  "id": "f74fc29d590d3e17f64fe827435ae9a6"
}