{
  "company": "Noodler's Ink",
  "inkname": "Black Swan in Australian Roses",
  "dominant": {
    "rgb": {
      "r": 92,
      "g": 20,
      "b": 84
    },
    "hsl": {
      "α": 0.20408163265306126,
      "β": -0.2827838053173677,
      "H": 5.337522732797734,
      "S": 1.942600614089932,
      "L": 0.2857142857142857,
      "C": 1.1100574937656753
    }
  },
  "id": "fafc155f601510c52416f639a85b8231"
}