{
  "company": "Lamy",
  "inkname": "Red",
  "dominant": {
    "rgb": {
      "r": 214,
      "g": 66,
      "b": 34
    },
    "hsl": {
      "α": 0.5222929936305732,
      "β": 0.08825736599077082,
      "H": 0.16739919124972497,
      "S": 2.134793807943759,
      "L": 0.3949044585987261,
      "C": 1.6860791858918862
    }
  },
  "id": "fec74cb2e6857b3ecff2c16b6ad23144"
}