{
  "company": "J. Herbin",
  "inkname": "Lierre Sauvage",
  "dominant": {
    "rgb": {
      "r": 114,
      "g": 181,
      "b": 113
    },
    "hsl": {
      "α": -0.08088235294117646,
      "β": 0.1443375672974064,
      "H": 2.081565800320064,
      "S": 0.7308736609828317,
      "L": 0.3602941176470588,
      "C": 0.5266589615905699
    }
  },
  "id": "00ef5bfda51c065aae7b73825f8b9196"
}