{
  "company": "Pilot/Namiki Iroshizuku",
  "inkname": "tsukushi",
  "dominant": {
    "rgb": {
      "r": 113,
      "g": 86,
      "b": 65
    },
    "hsl": {
      "α": 0.14204545454545453,
      "β": 0.06888838439194396,
      "H": 0.45155489488680256,
      "S": 0.745298134566818,
      "L": 0.33712121212121215,
      "C": 0.502511621033688
    }
  },
  "id": "01bfb686e15dfd5b9258bb6e82a5b04e"
}