{
  "company": "Pilot/Namiki Iroshizuku",
  "inkname": "amairo",
  "dominant": {
    "rgb": {
      "r": 0,
      "g": 118,
      "b": 154
    },
    "hsl": {
      "α": -0.5,
      "β": -0.11462100932441097,
      "H": 3.366941023780459,
      "S": 2.883965596349105,
      "L": 0.28308823529411764,
      "C": 1.6328334626388314
    }
  },
  "id": "02b0b2a6d4f6890852ca9ee304a4f7d0"
}