{
  "company": "Pelikan",
  "inkname": "Brilliant Black",
  "dominant": {
    "rgb": {
      "r": 52,
      "g": 46,
      "b": 44
    },
    "hsl": {
      "α": 0.04929577464788734,
      "β": 0.012197540898372406,
      "H": 0.24256387409548577,
      "S": 0.2391005450255759,
      "L": 0.3380281690140845,
      "C": 0.16164543889053018
    }
  },
  "id": "05ab2b62e391a1d8cf39b0b973802f83"
}