{
  "company": "Noodler's Ink",
  "inkname": "Qin Shi Huang",
  "dominant": {
    "rgb": {
      "r": 143,
      "g": 0,
      "b": 0
    },
    "hsl": {
      "α": 1,
      "β": 0,
      "H": 0,
      "S": 3.183098861837907,
      "L": 0.5,
      "C": 3.183098861837907
    }
  },
  "id": "17c0cbc12e56e72fb837dcf5c7271120"
}