{
  "company": "Pilot/Namiki Iroshizuku",
  "inkname": "konpeki",
  "dominant": {
    "rgb": {
      "r": 0,
      "g": 101,
      "b": 145
    },
    "hsl": {
      "α": -0.5,
      "β": -0.1548988527094118,
      "H": 3.442013754566,
      "S": 2.8267505459629008,
      "L": 0.29471544715447157,
      "C": 1.666174102295206
    }
  },
  "id": "17daff830e696abeec08ba14ed7535be"
}