{
  "company": "De Atramentis",
  "inkname": "Black Roses",
  "dominant": {
    "rgb": {
      "r": 53,
      "g": 55,
      "b": 56
    },
    "hsl": {
      "α": -0.015243902439024404,
      "β": -0.005280642706002679,
      "H": 3.475065825841625,
      "S": 0.0772631925408794,
      "L": 0.3323170731707317,
      "C": 0.05135175601802351
    }
  },
  "id": "1c3af0e82a432e0cdb0a53549cdeaa0c"
}