{
  "company": "Noodler's Ink",
  "inkname": "Turqoise Eel",
  "dominant": {
    "rgb": {
      "r": 0,
      "g": 100,
      "b": 166
    },
    "hsl": {
      "α": -0.5,
      "β": -0.214878483645763,
      "H": 3.547485585616923,
      "S": 2.7758515335177916,
      "L": 0.31203007518796994,
      "C": 1.7322983254283963
    }
  },
  "id": "1dff07be88ffb42aea5b13e2e5d3edcd"
}