{
  "company": "Noodler's Ink",
  "inkname": "Georgia Peach",
  "dominant": {
    "rgb": {
      "r": 205,
      "g": 31,
      "b": 80
    },
    "hsl": {
      "α": 0.4731012658227848,
      "β": -0.13428874932100474,
      "H": 6.006612124672853,
      "S": 2.0960695227601427,
      "L": 0.37341772151898733,
      "C": 1.5654190106689672
    }
  },
  "id": "2fcdd584a8b8870bc858376e012008f5"
}