{
  "company": "Pilot/Namiki Iroshizuku",
  "inkname": "shinroku",
  "dominant": {
    "rgb": {
      "r": 59,
      "g": 124,
      "b": 108
    },
    "hsl": {
      "α": -0.1958762886597938,
      "β": 0.047616517046567046,
      "H": 2.903123439370349,
      "S": 1.0203316864215664,
      "L": 0.31443298969072164,
      "C": 0.641651885275418
    }
  },
  "id": "30383f732436698dcd765b198d696587"
}