{
  "company": "Noodler's Ink",
  "inkname": "Cayenne",
  "dominant": {
    "rgb": {
      "r": 149,
      "g": 26,
      "b": 0
    },
    "hsl": {
      "α": 0.7771428571428571,
      "β": 0.12866663141940232,
      "H": 0.16407530975674045,
      "S": 2.9449297752693804,
      "L": 0.4257142857142857,
      "C": 2.5073973515150723
    }
  },
  "id": "3a525abd9d1122a48e23e7195b1f2686"
}