{
  "company": "Noodler's Ink",
  "inkname": "Beaver",
  "dominant": {
    "rgb": {
      "r": 73,
      "g": 42,
      "b": 38
    },
    "hsl": {
      "α": 0.21568627450980393,
      "β": 0.022641187027044162,
      "H": 0.10458973064192255,
      "S": 0.9515263249814219,
      "L": 0.36274509803921573,
      "C": 0.690323020084561
    }
  },
  "id": "452c0cf987264d7654dfeb3ac33410da"
}