{
  "company": "Waterman",
  "inkname": "Harmonious Green",
  "dominant": {
    "rgb": {
      "r": 0,
      "g": 93,
      "b": 79
    },
    "hsl": {
      "α": -0.5,
      "β": 0.0704904398429194,
      "H": 3.0015348179404215,
      "S": 2.9726188855393505,
      "L": 0.2703488372093023,
      "C": 1.607288118343951
    }
  },
  "id": "4ad507dc53fe76c542bc6ee4256b5da2"
}