{
  "company": "Sheaffer",
  "inkname": "Green",
  "dominant": {
    "rgb": {
      "r": 37,
      "g": 109,
      "b": 117
    },
    "hsl": {
      "α": -0.2889733840304182,
      "β": -0.02634297806188405,
      "H": 3.2325019517461397,
      "S": 1.5773936552170604,
      "L": 0.29277566539923955,
      "C": 0.923644954005427
    }
  },
  "id": "4b08a5e5e268aa9af8b0ea644ce08fca"
}