{
  "company": "Private Reserve",
  "inkname": "Cosmic Cobalt",
  "dominant": {
    "rgb": {
      "r": 51,
      "g": 75,
      "b": 177
    },
    "hsl": {
      "α": -0.2475247524752475,
      "β": -0.29153330424426643,
      "H": 4.008449886891235,
      "S": 1.6177855298766008,
      "L": 0.37623762376237624,
      "C": 1.217343567035858
    }
  },
  "id": "4bd801cf835156503a85d176c0dbab8c"
}