{
  "company": "Pilot/Namiki Iroshizuku",
  "inkname": "murasaki-shikibu",
  "dominant": {
    "rgb": {
      "r": 109,
      "g": 88,
      "b": 141
    },
    "hsl": {
      "α": -0.016272189349112454,
      "β": -0.1357968828419386,
      "H": 4.593130193524329,
      "S": 0.6425647630636036,
      "L": 0.33875739644970415,
      "C": 0.4353471323714947
    }
  },
  "id": "4cc8b851727e2d9416be6cae5cc482bb"
}