{
  "company": "Noodler's Ink",
  "inkname": "Purple Wampum",
  "dominant": {
    "rgb": {
      "r": 86,
      "g": 61,
      "b": 87
    },
    "hsl": {
      "α": 0.051282051282051294,
      "β": -0.09622504486493762,
      "H": 5.202039023615019,
      "S": 0.5487555254341352,
      "L": 0.3162393162393162,
      "C": 0.3470761442916752
    }
  },
  "id": "4ff975d2a96084b9d462c0f758f50f3b"
}