{
  "company": "De Atramentis",
  "inkname": "Charles Darwin",
  "dominant": {
    "rgb": {
      "r": 77,
      "g": 88,
      "b": 83
    },
    "hsl": {
      "α": -0.034274193548387094,
      "β": 0.01746018959242823,
      "H": 2.6704321487405123,
      "S": 0.1840292597753238,
      "L": 0.3326612903225806,
      "C": 0.12243882202793721
    }
  },
  "id": "5222440d053dc4e567ddb46a1f0baedc"
}