{
  "company": "Talens Ecoline",
  "inkname": "508",
  "dominant": {
    "rgb": {
      "r": 0,
      "g": 102,
      "b": 139
    },
    "hsl": {
      "α": -0.5,
      "β": -0.13295825701254863,
      "H": 3.4014945646533445,
      "S": 2.8553452399946666,
      "L": 0.2883817427385892,
      "C": 1.6468588728599942
    }
  },
  "id": "55b9f0ee1e604fde2015483770bef842"
}