{
  "company": "Rohrer & Klingner",
  "inkname": "Solferino",
  "dominant": {
    "rgb": {
      "r": 84,
      "g": 0,
      "b": 86
    },
    "hsl": {
      "α": 0.24117647058823533,
      "β": -0.4381069689733042,
      "H": 5.215613507311685,
      "S": 3.146739183247097,
      "L": 0.2529411764705882,
      "C": 1.591879822113237
    }
  },
  "id": "5644027e2406ef4f1e767eb9ac967c74"
}