{
  "company": "De Atramentis",
  "inkname": "Red Brown",
  "dominant": {
    "rgb": {
      "r": 120,
      "g": 0,
      "b": 0
    },
    "hsl": {
      "α": 1,
      "β": 0,
      "H": 0,
      "S": 3.183098861837907,
      "L": 0.5,
      "C": 3.183098861837907
    }
  },
  "id": "574c2cac641c43834ae5da15e2faf14d"
}