{
  "company": "Noodler's Ink",
  "inkname": "Atlantic Salmon",
  "dominant": {
    "rgb": {
      "r": 176,
      "g": 0,
      "b": 77
    },
    "hsl": {
      "α": 0.5434782608695652,
      "β": -0.26357294897787265,
      "H": 5.831630412292784,
      "S": 2.763813915685284,
      "L": 0.34782608695652173,
      "C": 1.9226531587375888
    }
  },
  "id": "66b5364fe352901f93fa101f45d53f81"
}