{
  "company": "Noodler's Ink",
  "inkname": "Dostoyekvsky",
  "dominant": {
    "rgb": {
      "r": 75,
      "g": 137,
      "b": 138
    },
    "hsl": {
      "α": -0.17857142857142858,
      "β": -0.0024743582965269973,
      "H": 3.155448173342477,
      "S": 0.9340975424478674,
      "L": 0.30428571428571427,
      "C": 0.5684650758325592
    }
  },
  "id": "7103cc57f2ec09c16e6731c2053e30af"
}