{
  "company": "Noodler's Ink",
  "inkname": "Esenin",
  "dominant": {
    "rgb": {
      "r": 170,
      "g": 0,
      "b": 48
    },
    "hsl": {
      "α": 0.6697247706422018,
      "β": -0.19068449257639017,
      "H": 6.005804505040752,
      "S": 2.84236691407626,
      "L": 0.38990825688073394,
      "C": 2.216524657765891
    }
  },
  "id": "788c89277d4b64fbdaff741efa9c3066"
}