{
  "company": "Waterman",
  "inkname": "Serenity Blue",
  "dominant": {
    "rgb": {
      "r": 87,
      "g": 113,
      "b": 162
    },
    "hsl": {
      "α": -0.13950276243093923,
      "β": -0.11722443310894338,
      "H": 3.8404294436383752,
      "S": 0.8432285876926244,
      "L": 0.34392265193370164,
      "C": 0.5800108241311146
    }
  },
  "id": "7bad3dfa03b61cccf223ab0b2f784918"
}