{
  "company": "Pelkian",
  "inkname": "4001 Violet",
  "dominant": {
    "rgb": {
      "r": 128,
      "g": 65,
      "b": 132
    },
    "hsl": {
      "α": 0.0907692307692308,
      "β": -0.17853446785709964,
      "H": 5.182744254907044,
      "S": 1.0517514832119668,
      "L": 0.3030769230769231,
      "C": 0.637523206746946
    }
  },
  "id": "7e8c034d3ce72ba04f6d8fc8cc1e1e49"
}