{
  "company": "Talens Ecoline",
  "inkname": "505",
  "dominant": {
    "rgb": {
      "r": 0,
      "g": 114,
      "b": 165
    },
    "hsl": {
      "α": -0.5,
      "β": -0.15830571897134899,
      "H": 3.448218776938332,
      "S": 2.8228295744022027,
      "L": 0.2956989247311828,
      "C": 1.6694153397002276
    }
  },
  "id": "816374801e87e155f79b59b64a1e2cbb"
}