{
  "company": "Noodler's Ink",
  "inkname": "Ottoman Azure",
  "dominant": {
    "rgb": {
      "r": 0,
      "g": 56,
      "b": 121
    },
    "hsl": {
      "α": -0.5,
      "β": -0.31803192794343793,
      "H": 3.708108468977302,
      "S": 2.7591851204391724,
      "L": 0.3418079096045198,
      "C": 1.8862225964584174
    }
  },
  "id": "8b42709c1ec43d90855f492c81d926c3"
}