{
  "company": "Noodler's Ink",
  "inkname": "Zhivago",
  "dominant": {
    "rgb": {
      "r": 32,
      "g": 33,
      "b": 24
    },
    "hsl": {
      "α": 0.0393258426966292,
      "β": 0.08757560262988708,
      "H": 1.1487325280113434,
      "S": 0.4771299753905096,
      "L": 0.3202247191011236,
      "C": 0.3055776246883039
    }
  },
  "id": "8ef2563e6fff7d312f7ee2ce26b66358"
}