{
  "company": "Noodler's Ink",
  "inkname": "Shah's Rose",
  "dominant": {
    "rgb": {
      "r": 169,
      "g": 0,
      "b": 97
    },
    "hsl": {
      "α": 0.45300751879699247,
      "β": -0.31580625626725767,
      "H": 5.674386444759895,
      "S": 2.7666801455033743,
      "L": 0.3176691729323308,
      "C": 1.7577779871807153
    }
  },
  "id": "94c05587df115d4e9e936b6c085868fb"
}