{
  "company": "Private Reserve",
  "inkname": "Burgundy Mist",
  "dominant": {
    "rgb": {
      "r": 80,
      "g": 0,
      "b": 0
    },
    "hsl": {
      "α": 1,
      "β": 0,
      "H": 0,
      "S": 3.183098861837907,
      "L": 0.5,
      "C": 3.183098861837907
    }
  },
  "id": "998a84eb94fb7f1852b204b62d763cae"
}