{
  "company": "Noodler's Ink",
  "inkname": "Operation Overlord Orange",
  "dominant": {
    "rgb": {
      "r": 188,
      "g": 110,
      "b": 0
    },
    "hsl": {
      "α": 0.44630872483221473,
      "β": 0.31967380676606794,
      "H": 0.6215566284562188,
      "S": 2.769923588018997,
      "L": 0.31543624161073824,
      "C": 1.7474685723072867
    }
  },
  "id": "9b92b12c1f159271eb4474144accfce7"
}