{
  "company": "Pilot/Namiki Iroshizuku",
  "inkname": "tsuyukusa",
  "dominant": {
    "rgb": {
      "r": 38,
      "g": 92,
      "b": 144
    },
    "hsl": {
      "α": -0.291970802919708,
      "β": -0.1643551861196745,
      "H": 3.6542984587447673,
      "S": 1.605613469482903,
      "L": 0.33211678832116787,
      "C": 1.0665023775397384
    }
  },
  "id": "a1c78911189584c71710b86f39a149de"
}