{
  "company": "Organics Studio",
  "inkname": "Blue Crab",
  "dominant": {
    "rgb": {
      "r": 46,
      "g": 117,
      "b": 157
    },
    "hsl": {
      "α": -0.284375,
      "β": -0.10825317547305482,
      "H": 3.5053254358452883,
      "S": 1.52679652450774,
      "L": 0.31718749999999996,
      "C": 0.9685615452345974
    }
  },
  "id": "a30989ccee19673e2b69c0f989bb2b33"
}