{
  "company": "J. Herbin",
  "inkname": "Tendresse",
  "dominant": {
    "rgb": {
      "r": 207,
      "g": 106,
      "b": 196
    },
    "hsl": {
      "α": 0.11001964636542236,
      "β": -0.15312826393045084,
      "H": 5.335410478856694,
      "S": 0.9760210424624642,
      "L": 0.3074656188605108,
      "C": 0.6001858276832049
    }
  },
  "id": "a3c5452869235e0080dfe816b20019b8"
}