{
  "company": "Noodler's Ink",
  "inkname": "Upper Ganges Blue",
  "dominant": {
    "rgb": {
      "r": 0,
      "g": 67,
      "b": 130
    },
    "hsl": {
      "α": -0.5,
      "β": -0.2769522864894397,
      "H": 3.6474286738979136,
      "S": 2.757079416284451,
      "L": 0.3299492385786802,
      "C": 1.8193925082080133
    }
  },
  "id": "a84e569eb8840864f539f55b5b4a3eba"
}