{
  "company": "Montegrappa",
  "inkname": "Blue",
  "dominant": {
    "rgb": {
      "r": 91,
      "g": 108,
      "b": 176
    },
    "hsl": {
      "α": -0.13599999999999998,
      "β": -0.15703927321957822,
      "H": 3.9986646014399243,
      "S": 0.9287470230011228,
      "L": 0.356,
      "C": 0.6612678803767994
    }
  },
  "id": "a8c7feaa6ebed97df8bd5e1e43292df1"
}