{
  "company": "Noodler's Ink",
  "inkname": "Lexington Gray",
  "dominant": {
    "rgb": {
      "r": 64,
      "g": 59,
      "b": 52
    },
    "hsl": {
      "α": 0.04857142857142857,
      "β": 0.034641016151377525,
      "H": 0.6195284686989854,
      "S": 0.2864873083254488,
      "L": 0.3314285714285714,
      "C": 0.18990015866144033
    }
  },
  "id": "af8b3e58ff0ce1bd4bdeed193fef441d"
}