{
  "company": "Talens Ecoline",
  "inkname": "311",
  "dominant": {
    "rgb": {
      "r": 196,
      "g": 65,
      "b": 9
    },
    "hsl": {
      "α": 0.5888888888888889,
      "β": 0.17962008374788355,
      "H": 0.296051554218485,
      "S": 2.5811324141112975,
      "L": 0.37962962962962965,
      "C": 1.9597486847882073
    }
  },
  "id": "b41735678157abc3f01fb97e3275f20b"
}