{
  "company": "Kaweco",
  "inkname": "Paradise Blue",
  "dominant": {
    "rgb": {
      "r": 0,
      "g": 152,
      "b": 164
    },
    "hsl": {
      "α": -0.5,
      "β": -0.03288704065004196,
      "H": 3.2072721290777255,
      "S": 3.0732703697314947,
      "L": 0.25949367088607594,
      "C": 1.594988419734067
    }
  },
  "id": "b85887dee4cb7512419606766ca20f30"
}