{
  "company": "Caran d'Ache",
  "inkname": "Organic Brown",
  "dominant": {
    "rgb": {
      "r": 98,
      "g": 57,
      "b": 43
    },
    "hsl": {
      "α": 0.2424242424242424,
      "β": 0.06123411945950577,
      "H": 0.24741551896274733,
      "S": 1.1176418879523071,
      "L": 0.3560606060606061,
      "C": 0.795896495966037
    }
  },
  "id": "b9f8b0d30d7180d81ac6f3ff9f12adc0"
}