{
  "company": "Pilot/Namiki Iroshizuku",
  "inkname": "fuyusyogun",
  "dominant": {
    "rgb": {
      "r": 107,
      "g": 116,
      "b": 127
    },
    "hsl": {
      "α": -0.041428571428571426,
      "β": -0.02721794126179668,
      "H": 3.7228624340725185,
      "S": 0.23600299677485326,
      "L": 0.3342857142857143,
      "C": 0.1577848607009019
    }
  },
  "id": "ba0f7702857323dd19e95dff8f7570ec"
}