{
  "company": "Organics Studio",
  "inkname": "Aristotle",
  "dominant": {
    "rgb": {
      "r": 85,
      "g": 115,
      "b": 119
    },
    "hsl": {
      "α": -0.10031347962382445,
      "β": -0.010859252712030587,
      "H": 3.2494259136953123,
      "S": 0.5022267463619379,
      "L": 0.31974921630094044,
      "C": 0.32117321710920166
    }
  },
  "id": "cd90310875ac64ae6b7b3fc7b2d983a3"
}