{
  "company": "Waterman",
  "inkname": "Audacious Red",
  "dominant": {
    "rgb": {
      "r": 181,
      "g": 22,
      "b": 40
    },
    "hsl": {
      "α": 0.617283950617284,
      "β": -0.06415002990995841,
      "H": 6.179633975929167,
      "S": 2.3647104199826767,
      "L": 0.41769547325102885,
      "C": 1.9754576759526068
    }
  },
  "id": "cf7275074f54f3bc7a6729ee365b877b"
}