{
  "company": "Caran d'Ache",
  "inkname": "Electric Orange",
  "dominant": {
    "rgb": {
      "r": 173,
      "g": 95,
      "b": 43
    },
    "hsl": {
      "α": 0.33440514469453375,
      "β": 0.14480167523083862,
      "H": 0.40863785509759243,
      "S": 1.6701155690616674,
      "L": 0.3472668810289389,
      "C": 1.1599516492518331
    }
  },
  "id": "d194eed2523bb16397e2173ff8119ff6"
}