{
  "company": "Noodler's Ink",
  "inkname": "Heart of Darkness",
  "dominant": {
    "rgb": {
      "r": 24,
      "g": 21,
      "b": 18
    },
    "hsl": {
      "α": 0.07142857142857142,
      "β": 0.04123930494211612,
      "H": 0.5235987755982988,
      "S": 0.3938063538727087,
      "L": 0.3333333333333333,
      "C": 0.26253756924847244
    }
  },
  "id": "d221dca311485dda25c5a79b51be96f2"
}