{
  "company": "Noodler's Ink",
  "inkname": "Brown",
  "dominant": {
    "rgb": {
      "r": 58,
      "g": 29,
      "b": 22
    },
    "hsl": {
      "α": 0.29816513761467894,
      "β": 0.05561631033478046,
      "H": 0.18440932630972587,
      "S": 1.3154375087368462,
      "L": 0.3669724770642202,
      "C": 0.9654587220086945
    }
  },
  "id": "d5005a40fc4c3f633844e6a8431363e3"
}