{
  "company": "Platinum",
  "inkname": "Pink",
  "dominant": {
    "rgb": {
      "r": 190,
      "g": 0,
      "b": 62
    },
    "hsl": {
      "α": 0.6309523809523809,
      "β": -0.2130697422009333,
      "H": 5.9575140072906825,
      "S": 2.8115362940383215,
      "L": 0.376984126984127,
      "C": 2.1198091105844488
    }
  },
  "id": "d55136be3d574a0b8b1311ecc00dacb5"
}