{
  "company": "Omas",
  "inkname": "Blue",
  "dominant": {
    "rgb": {
      "r": 0,
      "g": 66,
      "b": 131
    },
    "hsl": {
      "α": -0.5,
      "β": -0.2857444225684696,
      "H": 3.660784203759815,
      "S": 2.7566712493550516,
      "L": 0.33248730964467005,
      "C": 1.8331164145457448
    }
  },
  "id": "d7f48ef96f51b3edcba2a4b9df2fbc32"
}