{
  "company": "Noodler's Ink",
  "inkname": "Nikita",
  "dominant": {
    "rgb": {
      "r": 171,
      "g": 60,
      "b": 55
    },
    "hsl": {
      "α": 0.3968531468531469,
      "β": 0.015140304261965701,
      "H": 0.038132405561508716,
      "S": 1.5997546299991434,
      "L": 0.3951048951048951,
      "C": 1.2641417705587636
    }
  },
  "id": "ddc4af788640a1792b84f1a8aab9ff26"
}