{
  "company": "De Atramentis",
  "inkname": "Cucumber",
  "dominant": {
    "rgb": {
      "r": 112,
      "g": 166,
      "b": 82
    },
    "hsl": {
      "α": -0.03333333333333334,
      "β": 0.20207259421636903,
      "H": 1.7342812989216565,
      "S": 0.9463203306062581,
      "L": 0.34444444444444444,
      "C": 0.6519095610843111
    }
  },
  "id": "dde9646a96738c78708b6def7b26be80"
}