{
  "company": "Pelikan 4001",
  "inkname": "Violet",
  "dominant": {
    "rgb": {
      "r": 128,
      "g": 65,
      "b": 132
    },
    "hsl": {
      "α": 0.0907692307692308,
      "β": -0.17853446785709964,
      "H": 5.182744254907044,
      "S": 1.0517514832119668,
      "L": 0.3030769230769231,
      "C": 0.637523206746946
    }
  },
  "id": "e2395edb189fe531cbb96ced1d8b3156"
}