{
  "company": "Pelikan",
  "inkname": "4001 Black",
  "dominant": {
    "rgb": {
      "r": 41,
      "g": 35,
      "b": 35
    },
    "hsl": {
      "α": 0.05405405405405406,
      "β": 0,
      "H": 0,
      "S": 0.2512972785661506,
      "L": 0.34234234234234234,
      "C": 0.17205939793718417
    }
  },
  "id": "e49cafb8fb9ec47317f5ad2e4fb67f1c"
}