{
  "company": "Pilot/Namiki Iroshizuku",
  "inkname": "kujaku",
  "dominant": {
    "rgb": {
      "r": 0,
      "g": 104,
      "b": 119
    },
    "hsl": {
      "α": -0.5,
      "β": -0.05825282985097118,
      "H": 3.2575754326183475,
      "S": 3.002656633989612,
      "L": 0.26681614349775784,
      "C": 1.6023145266581336
    }
  },
  "id": "e84823ea596d7063a2bda34dcf533d9a"
}