{
  "company": "De Atramentis",
  "inkname": "Sahara Grey",
  "dominant": {
    "rgb": {
      "r": 147,
      "g": 145,
      "b": 84
    },
    "hsl": {
      "α": 0.08643617021276595,
      "β": 0.14049880220970948,
      "H": 1.0192685119561842,
      "S": 0.8546715362367626,
      "L": 0.30718085106382975,
      "C": 0.5250774597624791
    }
  },
  "id": "ecb402479768d8a9088d4f7dc4ce0e26"
}