{
  "company": "Diamine",
  "inkname": "Passion Read",
  "dominant": {
    "rgb": {
      "r": 196,
      "g": 40,
      "b": 55
    },
    "hsl": {
      "α": 0.5103092783505155,
      "β": -0.044640484731156616,
      "H": 6.195930108387218,
      "S": 2.010573360672572,
      "L": 0.4054982817869416,
      "C": 1.6305680863186498
    }
  },
  "id": "f1b305ac271801dbe1132df2c8312322"
}