{
  "company": "Pilot/Namiki Iroshizuku",
  "inkname": "ajisai",
  "dominant": {
    "rgb": {
      "r": 83,
      "g": 101,
      "b": 163
    },
    "hsl": {
      "α": -0.14121037463976946,
      "β": -0.15473652747733488,
      "H": 3.97266369342291,
      "S": 0.9405814830646755,
      "L": 0.35446685878962536,
      "C": 0.6668099274752455
    }
  },
  "id": "f88187ca7d70b7a59c764f699efe03f3"
}