{
  "company": "Noodler's Ink",
  "inkname": "Habanero",
  "dominant": {
    "rgb": {
      "r": 187,
      "g": 95,
      "b": 0
    },
    "hsl": {
      "α": 0.4946808510638298,
      "β": 0.29174614666497045,
      "H": 0.5328608145238711,
      "S": 2.7567627212118655,
      "L": 0.33156028368794327,
      "C": 1.828066059810705
    }
  },
  "id": "fe8fa59b9317bfc8a0e2b38b42eb6937"
}