{
  "company": "Caran d'Ache",
  "inkname": "Magnetic Blue",
  "dominant": {
    "rgb": {
      "r": 59,
      "g": 73,
      "b": 96
    },
    "hsl": {
      "α": -0.11184210526315785,
      "β": -0.0873622117852723,
      "H": 3.8047155050090873,
      "S": 0.6644950803854867,
      "L": 0.3399122807017544,
      "C": 0.4517400765778528
    }
  },
  "id": "022acefcceac7220806db0e92ea97754"
}