{
  "company": "Organics Studio",
  "inkname": "Boron",
  "dominant": {
    "rgb": {
      "r": 67,
      "g": 37,
      "b": 17
    },
    "hsl": {
      "α": 0.3305785123966943,
      "β": 0.14314469484040304,
      "H": 0.40863785509759226,
      "S": 1.65176265072033,
      "L": 0.34710743801652894,
      "C": 1.146678203805849
    }
  },
  "id": "02ec6b70cbf9ddc8c64f4690419d8db4"
}