{
  "company": "Noodler's Ink",
  "inkname": "Walnut",
  "dominant": {
    "rgb": {
      "r": 34,
      "g": 21,
      "b": 17
    },
    "hsl": {
      "α": 0.2083333333333333,
      "β": 0.04811252243246883,
      "H": 0.22696107904167087,
      "S": 0.9608467471358317,
      "L": 0.35416666666666663,
      "C": 0.6805997792212141
    }
  },
  "id": "16c4e916547479e98aeaec60d41a7387"
}