{
  "company": "Pilot/Namiki Iroshizuku",
  "inkname": "tsukiyo",
  "dominant": {
    "rgb": {
      "r": 48,
      "g": 86,
      "b": 103
    },
    "hsl": {
      "α": -0.19620253164556964,
      "β": -0.06211996567230151,
      "H": 3.448218776938332,
      "S": 1.0281829575637162,
      "L": 0.31856540084388185,
      "C": 0.6550870320342664
    }
  },
  "id": "17296d58223cd64058240b85ce388989"
}