{
  "company": "Noodler's Ink",
  "inkname": "Dragon's Napalm",
  "dominant": {
    "rgb": {
      "r": 186,
      "g": 0,
      "b": 0
    },
    "hsl": {
      "α": 1,
      "β": 0,
      "H": 0,
      "S": 3.183098861837907,
      "L": 0.5,
      "C": 3.183098861837907
    }
  },
  "id": "1fadd7417cf6b9c282f609e020918556"
}