{
  "company": "Sheaffer",
  "inkname": "Turqoise",
  "dominant": {
    "rgb": {
      "r": 0,
      "g": 115,
      "b": 150
    },
    "hsl": {
      "α": -0.5,
      "β": -0.11438071370737865,
      "H": 3.3664843797817308,
      "S": 2.884370809720084,
      "L": 0.2830188679245283,
      "C": 1.6326627224830663
    }
  },
  "id": "1fe043bc73d42359d5732a06a2aa9625"
}