{
  "company": "Noodler's Ink",
  "inkname": "Black Eel",
  "dominant": {
    "rgb": {
      "r": 20,
      "g": 18,
      "b": 17
    },
    "hsl": {
      "α": 0.04545454545454547,
      "β": 0.015745916432444343,
      "H": 0.3334731722518321,
      "S": 0.2276131888366446,
      "L": 0.33636363636363636,
      "C": 0.15312159976283365
    }
  },
  "id": "24e5feb96cefb7f2055f3740277bfeb1"
}