{
  "company": "Rohrer & Klingner",
  "inkname": "Sepia",
  "dominant": {
    "rgb": {
      "r": 78,
      "g": 63,
      "b": 54
    },
    "hsl": {
      "α": 0.1,
      "β": 0.03997040325158947,
      "H": 0.3802512066929335,
      "S": 0.5064020916560307,
      "L": 0.3384615384615385,
      "C": 0.34279526204408234
    }
  },
  "id": "259e2f9c306a6990a4aa255d850db12f"
}