{
  "company": "Lamy",
  "inkname": "Turqoise",
  "dominant": {
    "rgb": {
      "r": 0,
      "g": 125,
      "b": 161
    },
    "hsl": {
      "α": -0.5,
      "β": -0.10901019068615307,
      "H": 3.3562539477230175,
      "S": 2.893637485762604,
      "L": 0.28146853146853146,
      "C": 1.6289357874397874
    }
  },
  "id": "278f8fcdee8e65b68151e50ec0bc2394"
}