{
  "company": "Pilot/Namiki Iroshizuku",
  "inkname": "snihkai",
  "dominant": {
    "rgb": {
      "r": 97,
      "g": 114,
      "b": 138
    },
    "hsl": {
      "α": -0.0830945558739255,
      "β": -0.0595547555611075,
      "H": 3.763446018512815,
      "S": 0.48327737842132723,
      "L": 0.336676217765043,
      "C": 0.3254159997965957
    }
  },
  "id": "2c924342fe9bdd7f8c2f00051091cd1d"
}