{
  "company": "Sheaffer",
  "inkname": "Black",
  "dominant": {
    "rgb": {
      "r": 54,
      "g": 54,
      "b": 52
    },
    "hsl": {
      "α": 0.0062500000000000056,
      "β": 0.010825317547305492,
      "H": 1.0471975511965976,
      "S": 0.0600584690912813,
      "L": 0.33125000000000004,
      "C": 0.039788735772973864
    }
  },
  "id": "3042899b85342b61f6ba3290309ea9b2"
}