{
  "company": "Noodler's Ink",
  "inkname": "Lightning Blue",
  "dominant": {
    "rgb": {
      "r": 0,
      "g": 161,
      "b": 178
    },
    "hsl": {
      "α": -0.5,
      "β": -0.0434290025496621,
      "H": 3.2282332141318215,
      "S": 3.042509238009295,
      "L": 0.26253687315634217,
      "C": 1.597541723792491
    }
  },
  "id": "349e1755e5ab87fd7b52bbe986f32a43"
}