{
  "company": "Noodler's Ink",
  "inkname": "Red Black",
  "dominant": {
    "rgb": {
      "r": 30,
      "g": 0,
      "b": 0
    },
    "hsl": {
      "α": 1,
      "β": 0,
      "H": 0,
      "S": 3.183098861837907,
      "L": 0.5,
      "C": 3.183098861837907
    }
  },
  "id": "367cce30fbfc67cefec737757ffb33f2"
}