{
  "company": "Omas",
  "inkname": "Black",
  "dominant": {
    "rgb": {
      "r": 46,
      "g": 40,
      "b": 38
    },
    "hsl": {
      "α": 0.05645161290322581,
      "β": 0.013968151673942546,
      "H": 0.24256387409548502,
      "S": 0.2732577657435151,
      "L": 0.33870967741935487,
      "C": 0.1851100993746393
    }
  },
  "id": "3697226331ded8709efc0349ea908064"
}