{
  "company": "Noodler's Ink",
  "inkname": "Bad Green Gator",
  "dominant": {
    "rgb": {
      "r": 42,
      "g": 104,
      "b": 93
    },
    "hsl": {
      "α": -0.2364016736401674,
      "β": 0.03985890979761015,
      "H": 2.9745569567222896,
      "S": 1.249202120843991,
      "L": 0.3054393305439331,
      "C": 0.7631109190093
    }
  },
  "id": "3b470f5c3a0b1adeea91e2c2402f8d89"
}