{
  "company": "Omas",
  "inkname": "Turqoise",
  "dominant": {
    "rgb": {
      "r": 0,
      "g": 123,
      "b": 145
    },
    "hsl": {
      "α": -0.5,
      "β": -0.07109163762409568,
      "H": 3.282829255725151,
      "S": 2.9712076624390353,
      "L": 0.27052238805970147,
      "C": 1.6075563845285823
    }
  },
  "id": "45957bf20bb66c0a4a360086128be0a7"
}