{
  "company": "Noodler's Ink",
  "inkname": "Bad Black Moccasin",
  "dominant": {
    "rgb": {
      "r": 36,
      "g": 35,
      "b": 31
    },
    "hsl": {
      "α": 0.029411764705882387,
      "β": 0.03396178054056624,
      "H": 0.8570719478501307,
      "S": 0.2177133056552239,
      "L": 0.3284313725490196,
      "C": 0.14300775959705883
    }
  },
  "id": "518876b92bfc677eb1033a687764f815"
}