{
  "company": "Pilot/Namiki Iroshizuku",
  "inkname": "fuyugaki",
  "dominant": {
    "rgb": {
      "r": 161,
      "g": 68,
      "b": 47
    },
    "hsl": {
      "α": 0.37500000000000006,
      "β": 0.06589323724446816,
      "H": 0.17393962626867535,
      "S": 1.608163972437676,
      "L": 0.37681159420289856,
      "C": 1.2119496603878137
    }
  },
  "id": "63619d8f122cbfb3135ee618c63b6c88"
}