{
  "company": "Noodler's Ink",
  "inkname": "Kiowa Pecan",
  "dominant": {
    "rgb": {
      "r": 102,
      "g": 51,
      "b": 16
    },
    "hsl": {
      "α": 0.4053254437869822,
      "β": 0.17935437356482456,
      "H": 0.41659504155134586,
      "S": 2.0206367824137135,
      "L": 0.34911242603550297,
      "C": 1.4108588184900483
    }
  },
  "id": "6589c3377af60cbdeb2a06545b56c32c"
}