{
  "company": "Noodler's Ink",
  "inkname": "Saguaro Wine",
  "dominant": {
    "rgb": {
      "r": 103,
      "g": 0,
      "b": 77
    },
    "hsl": {
      "α": 0.3583333333333333,
      "β": -0.37046642273000985,
      "H": 5.481140638953821,
      "S": 2.867073351236838,
      "L": 0.2861111111111111,
      "C": 1.640603084318857
    }
  },
  "id": "6a6ad2f3b8e610fd4737cc1362f92376"
}