{
  "company": "Noodler's Ink",
  "inkname": "St. Patty's Eire",
  "dominant": {
    "rgb": {
      "r": 134,
      "g": 193,
      "b": 61
    },
    "hsl": {
      "α": 0.018041237113402053,
      "β": 0.29462719922563374,
      "H": 1.5096385704490427,
      "S": 1.4352702069811725,
      "L": 0.327319587628866,
      "C": 0.939584104570149
    }
  },
  "id": "6f6ccd439043aca65e7cdc9132e880d8"
}