{
  "company": "Rohrer & Klingner",
  "inkname": "Cassia",
  "dominant": {
    "rgb": {
      "r": 50,
      "g": 0,
      "b": 137
    },
    "hsl": {
      "α": -0.09893048128342247,
      "β": -0.6344678091896689,
      "H": 4.5577078343767665,
      "S": 2.789954566995954,
      "L": 0.3663101604278075,
      "C": 2.0439774100451644
    }
  },
  "id": "7095fd5e56b69ffa7eb19f6eafadd41e"
}