{
  "company": "Montegrappa",
  "inkname": "Turqoise",
  "dominant": {
    "rgb": {
      "r": 64,
      "g": 172,
      "b": 189
    },
    "hsl": {
      "α": -0.2741176470588236,
      "β": -0.034641016151377525,
      "H": 3.2672991045853226,
      "S": 1.4773928467796649,
      "L": 0.2976470588235294,
      "C": 0.8794832711417768
    }
  },
  "id": "7273d157ec6ef7e0ec1f424bc90c31b5"
}