{
  "company": "De Atramentis",
  "inkname": "Patchouli",
  "dominant": {
    "rgb": {
      "r": 91,
      "g": 1,
      "b": 25
    },
    "hsl": {
      "α": 0.6666666666666667,
      "β": -0.177646236673731,
      "H": 6.0227671366067375,
      "S": 2.792883612511006,
      "L": 0.39316239316239315,
      "C": 2.196113609837714
    }
  },
  "id": "7431f12cb5589369f0bb9779e4809b67"
}