{
  "company": "Noodler's Ink",
  "inkname": "Midway Blue",
  "dominant": {
    "rgb": {
      "r": 0,
      "g": 107,
      "b": 163
    },
    "hsl": {
      "α": -0.5,
      "β": -0.17962008374788357,
      "H": 3.4864754150919124,
      "S": 2.8012608500707006,
      "L": 0.30185185185185187,
      "C": 1.6911315502278674
    }
  },
  "id": "74e8ba33edfe07116f62e2b72cbebe4f"
}