{
  "company": "Montegrappa",
  "inkname": "Black",
  "dominant": {
    "rgb": {
      "r": 37,
      "g": 25,
      "b": 33
    },
    "hsl": {
      "α": 0.08421052631578949,
      "β": -0.07292845505553171,
      "H": 5.56946092823482,
      "S": 0.5433347088358613,
      "L": 0.3263157894736842,
      "C": 0.3545973889244569
    }
  },
  "id": "7768bbec791e7b808f7011674225d5a0"
}