{
  "company": "Caran d'Ache",
  "inkname": "Idyllic Blue",
  "dominant": {
    "rgb": {
      "r": 78,
      "g": 106,
      "b": 157
    },
    "hsl": {
      "α": -0.15689149560117302,
      "β": -0.12952286097655824,
      "H": 3.8317239886085614,
      "S": 0.9397020967034151,
      "L": 0.344574780058651,
      "C": 0.6475952865844649
    }
  },
  "id": "7c77c64f3bd4eb8dcbd3acdc0842355a"
}