{
  "company": "Talens Ecoline",
  "inkname": "506",
  "dominant": {
    "rgb": {
      "r": 0,
      "g": 104,
      "b": 165
    },
    "hsl": {
      "α": -0.5,
      "β": -0.19638494286561614,
      "H": 3.5158506766491353,
      "S": 2.787673006658091,
      "L": 0.3066914498141264,
      "C": 1.7099109520393494
    }
  },
  "id": "7f8e37e15ad69a7f14bdb4cca16b56e9"
}