{
  "company": "Omas",
  "inkname": "New Grey",
  "dominant": {
    "rgb": {
      "r": 127,
      "g": 137,
      "b": 151
    },
    "hsl": {
      "α": -0.040963855421686735,
      "β": -0.029215314826463026,
      "H": 3.7611211222887793,
      "S": 0.23908293356656166,
      "L": 0.3349397590361446,
      "C": 0.16015676031687745
    }
  },
  "id": "802f5207bc53ae9a55bb6d775516eeb3"
}