{
  "company": "Noodler's Ink",
  "inkname": "La Reine Mauve",
  "dominant": {
    "rgb": {
      "r": 40,
      "g": 6,
      "b": 71
    },
    "hsl": {
      "α": 0.01282051282051283,
      "β": -0.481125224324688,
      "H": 4.739029611604397,
      "S": 2.3278635661825655,
      "L": 0.32905982905982906,
      "C": 1.5320127743252783
    }
  },
  "id": "80f9b5ff3f0575e1dee61a5dd366cdb7"
}