{
  "company": "Platinum",
  "inkname": "Purple",
  "dominant": {
    "rgb": {
      "r": 136,
      "g": 0,
      "b": 138
    },
    "hsl": {
      "α": 0.24452554744525545,
      "β": -0.4361733785483669,
      "H": 5.223345722888916,
      "S": 3.1602854646858716,
      "L": 0.2518248175182482,
      "C": 1.5916766209001836
    }
  },
  "id": "836b70fe01112b0bb4cd0e8c6d3598cb"
}