{
  "company": "Pilot/Namiki Iroshizuku",
  "inkname": "tsutsuji",
  "dominant": {
    "rgb": {
      "r": 145,
      "g": 60,
      "b": 103
    },
    "hsl": {
      "α": 0.20616883116883117,
      "β": -0.12090614403484042,
      "H": 5.752794279927893,
      "S": 1.1430252959861888,
      "L": 0.3327922077922078,
      "C": 0.7607798236271712
    }
  },
  "id": "86ae7dd3152e69589c41674c730f1599"
}