{
  "company": "Private Reserve",
  "inkname": "Black Cherry",
  "dominant": {
    "rgb": {
      "r": 66,
      "g": 0,
      "b": 0
    },
    "hsl": {
      "α": 1,
      "β": 0,
      "H": 0,
      "S": 3.183098861837907,
      "L": 0.5,
      "C": 3.183098861837907
    }
  },
  "id": "88eb8693822819367e222bb0513321c0"
}