{
  "company": "Private Reserve",
  "inkname": "Ebony Brown",
  "dominant": {
    "rgb": {
      "r": 39,
      "g": 28,
      "b": 20
    },
    "hsl": {
      "α": 0.17241379310344826,
      "β": 0.07963451988822423,
      "H": 0.432689477441952,
      "S": 0.891413976638561,
      "L": 0.3390804597701149,
      "C": 0.6045221220882195
    }
  },
  "id": "8a5f1292d247cf58c818fba68b0a61c9"
}