{
  "company": "Caran d'Ache",
  "inkname": "Infra Red",
  "dominant": {
    "rgb": {
      "r": 143,
      "g": 38,
      "b": 33
    },
    "hsl": {
      "α": 0.5023364485981309,
      "β": 0.020234238406178474,
      "H": 0.04025848763738637,
      "S": 1.94579892596641,
      "L": 0.411214953271028,
      "C": 1.6002832288321875
    }
  },
  "id": "90be08e4ff7fa466557b99d6643e0f61"
}