{
  "company": "Organics Studio",
  "inkname": "Potassium",
  "dominant": {
    "rgb": {
      "r": 95,
      "g": 103,
      "b": 153
    },
    "hsl": {
      "α": -0.09401709401709399,
      "β": -0.12336544213453544,
      "H": 4.061187251191612,
      "S": 0.6987753012875211,
      "L": 0.3532763532763533,
      "C": 0.493721580396881
    }
  },
  "id": "9142d144ecf36634bc35ad77e7ed5ea7"
}