{
  "company": "Pilot/Namiki Iroshizuku",
  "inkname": "yamabudo",
  "dominant": {
    "rgb": {
      "r": 128,
      "g": 68,
      "b": 116
    },
    "hsl": {
      "α": 0.11538461538461536,
      "β": -0.13323467750529824,
      "H": 5.426113359329455,
      "S": 0.8930688660551013,
      "L": 0.3141025641025641,
      "C": 0.5610304414961533
    }
  },
  "id": "91bdc1662b547b87a6187fee8350312b"
}