{
  "company": "De Atramentis",
  "inkname": "Herbs de Provence",
  "dominant": {
    "rgb": {
      "r": 0,
      "g": 78,
      "b": 79
    },
    "hsl": {
      "α": -0.5,
      "β": -0.005516085374423174,
      "H": 3.1526243768005977,
      "S": 3.1631451402267596,
      "L": 0.2515923566878981,
      "C": 1.5916462807510448
    }
  },
  "id": "94026b6c874e329b8a505461c10aabed"
}