{
  "company": "Platinum",
  "inkname": "Red",
  "dominant": {
    "rgb": {
      "r": 211,
      "g": 48,
      "b": 53
    },
    "hsl": {
      "α": 0.514423076923077,
      "β": -0.013878612240135233,
      "H": 6.256212865472523,
      "S": 1.9732558385187497,
      "L": 0.4150641025641026,
      "C": 1.6380553274883212
    }
  },
  "id": "968001aae43749726469b54c9dc6b8ad"
}