{
  "company": "Private Reserve",
  "inkname": "Avocado",
  "dominant": {
    "rgb": {
      "r": 29,
      "g": 64,
      "b": 18
    },
    "hsl": {
      "α": -0.10810810810810811,
      "β": 0.3588934105773349,
      "H": 1.8633777205223157,
      "S": 1.6150456741279589,
      "L": 0.36936936936936937,
      "C": 1.1930968043107444
    }
  },
  "id": "98ec5087d2eb20185d2e4b0d42135208"
}