{
  "company": "Noodler's Ink",
  "inkname": "Burma Road Brown",
  "dominant": {
    "rgb": {
      "r": 42,
      "g": 37,
      "b": 21
    },
    "hsl": {
      "α": 0.13,
      "β": 0.13856406460551018,
      "H": 0.8172757101951849,
      "S": 0.9599821964273054,
      "L": 0.315,
      "C": 0.6047887837492024
    }
  },
  "id": "9c98a6a74b466f53e6296acfc526ba65"
}