{
  "company": "Pilot",
  "inkname": "Black",
  "dominant": {
    "rgb": {
      "r": 44,
      "g": 35,
      "b": 28
    },
    "hsl": {
      "α": 0.11682242990654207,
      "β": 0.056655867537299724,
      "H": 0.4515548948868026,
      "S": 0.6141808701522854,
      "L": 0.3364485981308411,
      "C": 0.41328058552303315
    }
  },
  "id": "9ceb526e0ca79bf435e69c03a2ff03de"
}