{
  "company": "Private Reserve",
  "inkname": "Buttercup",
  "dominant": {
    "rgb": {
      "r": 199,
      "g": 162,
      "b": 0
    },
    "hsl": {
      "α": 0.3268698060941828,
      "β": 0.3886318986511885,
      "H": 0.8715047023609287,
      "S": 2.932323790395084,
      "L": 0.2756232686980609,
      "C": 1.6164333359795613
    }
  },
  "id": "9d0ecb02f21f8c62bbd454127dff8f26"
}