{
  "company": "Lamy",
  "inkname": "Blue Black",
  "dominant": {
    "rgb": {
      "r": 69,
      "g": 96,
      "b": 139
    },
    "hsl": {
      "α": -0.1595394736842105,
      "β": -0.12249701435108837,
      "H": 3.796399051473158,
      "S": 0.9357601034684578,
      "L": 0.34210526315789475,
      "C": 0.6402569128994712
    }
  },
  "id": "a58c60b092b17d38c0fa866a58f315b9"
}