{
  "company": "De Atramentis",
  "inkname": "Pigeon Blue",
  "dominant": {
    "rgb": {
      "r": 0,
      "g": 98,
      "b": 115
    },
    "hsl": {
      "α": -0.5,
      "β": -0.06911939842411016,
      "H": 3.278960831820416,
      "S": 2.975859472008067,
      "L": 0.2699530516431925,
      "C": 1.6066846914597546
    }
  },
  "id": "a6b79f75c8cc1a6cf41eb7502c57464b"
}