{
  "company": "Noodler's Ink",
  "inkname": "Blue Eel",
  "dominant": {
    "rgb": {
      "r": 0,
      "g": 87,
      "b": 172
    },
    "hsl": {
      "α": -0.5,
      "β": -0.2842168313578273,
      "H": 3.6584781548181757,
      "S": 2.7567065965748365,
      "L": 0.33204633204633205,
      "C": 1.8307086278412041
    }
  },
  "id": "aaf9f8a1397ba76bf1c1ba7a5950127f"
}