{
  "company": "Caran d'Ache",
  "inkname": "Vibrant Green",
  "dominant": {
    "rgb": {
      "r": 0,
      "g": 100,
      "b": 62
    },
    "hsl": {
      "α": -0.5,
      "β": 0.20314176138153497,
      "H": 2.7556812105889428,
      "S": 2.782982442923473,
      "L": 0.30864197530864196,
      "C": 1.7178903968663413
    }
  },
  "id": "afcc00c9284808f4ca3a02f3b874c267"
}