{
  "company": "Noodler's Ink",
  "inkname": "Mata Hari's Cordial",
  "dominant": {
    "rgb": {
      "r": 141,
      "g": 50,
      "b": 95
    },
    "hsl": {
      "α": 0.23951048951048953,
      "β": -0.13626273835769143,
      "H": 5.765930954907926,
      "S": 1.3134015506048065,
      "L": 0.3339160839160839,
      "C": 0.8771318047745386
    }
  },
  "id": "b2cd57e7d79145a2f0c4c06e43f33a78"
}