{
  "company": "De Atramentis",
  "inkname": "Ocher Yellow",
  "dominant": {
    "rgb": {
      "r": 194,
      "g": 125,
      "b": 70
    },
    "hsl": {
      "α": 0.24807197943444725,
      "β": 0.12244575117774839,
      "H": 0.4585061574013906,
      "S": 1.2975354475777665,
      "L": 0.3393316195372751,
      "C": 0.8805896096671733
    }
  },
  "id": "b30a9c1e328d16dd36fa6766bfd17818"
}