{
  "company": "Caran d'Ache",
  "inkname": "Cosmic Black",
  "dominant": {
    "rgb": {
      "r": 54,
      "g": 48,
      "b": 44
    },
    "hsl": {
      "α": 0.0547945205479452,
      "β": 0.02372672339135448,
      "H": 0.40863785509759243,
      "S": 0.2831593115520566,
      "L": 0.3356164383561644,
      "C": 0.19006583926096948
    }
  },
  "id": "b37c1ef058dd7ec5821a7755f0e61f0c"
}