{
  "company": "Noodler's Ink",
  "inkname": "Bay State Cranberry",
  "dominant": {
    "rgb": {
      "r": 173,
      "g": 0,
      "b": 41
    },
    "hsl": {
      "α": 0.7126168224299065,
      "β": -0.16592075493066347,
      "H": 6.054427869556175,
      "S": 2.880963046443803,
      "L": 0.40420560747663553,
      "C": 2.329002836611112
    }
  },
  "id": "b78fd503ee9aebe38e64d56395eb355c"
}