{
  "company": "Waterman",
  "inkname": "Absolute Brown",
  "dominant": {
    "rgb": {
      "r": 88,
      "g": 45,
      "b": 40
    },
    "hsl": {
      "α": 0.2630057803468208,
      "β": 0.025029635947527114,
      "H": 0.09488187085405768,
      "S": 1.1366045169965262,
      "L": 0.3699421965317919,
      "C": 0.8409559432113026
    }
  },
  "id": "c404791f60ca52408d2f23b39459d321"
}