{
  "company": "Private Reserve",
  "inkname": "Sepia",
  "dominant": {
    "rgb": {
      "r": 122,
      "g": 89,
      "b": 0
    },
    "hsl": {
      "α": 0.3672985781990521,
      "β": 0.3652903361934362,
      "H": 0.7826568757042524,
      "S": 2.851804358848788,
      "L": 0.2890995260663507,
      "C": 1.6489105771542756
    }
  },
  "id": "cad95a9b091c653278912998db79248e"
}