{
  "company": "Pilot/Namiki Iroshizuku",
  "inkname": "momiji",
  "dominant": {
    "rgb": {
      "r": 159,
      "g": 85,
      "b": 100
    },
    "hsl": {
      "α": 0.19331395348837208,
      "β": -0.03776273563013542,
      "H": 6.090270579330326,
      "S": 0.883922008404002,
      "L": 0.35465116279069764,
      "C": 0.6269679361935363
    }
  },
  "id": "cc7da08b075330718a5b56103a0b6bed"
}