{
  "company": "Noodler's Ink",
  "inkname": "Rome Burning",
  "dominant": {
    "rgb": {
      "r": 130,
      "g": 105,
      "b": 34
    },
    "hsl": {
      "α": 0.22490706319702602,
      "β": 0.2285791957944057,
      "H": 0.7934955473127251,
      "S": 1.6742562603858135,
      "L": 0.3048327137546468,
      "C": 1.0207361587482282
    }
  },
  "id": "cd451f09607dd4a424d5de3022ad753b"
}