{
  "company": "Organics Studio",
  "inkname": "Mark Twain",
  "dominant": {
    "rgb": {
      "r": 125,
      "g": 70,
      "b": 115
    },
    "hsl": {
      "α": 0.10483870967741932,
      "β": -0.12571336506548303,
      "H": 5.407491309985401,
      "S": 0.8283314151220865,
      "L": 0.31451612903225806,
      "C": 0.5210471804800222
    }
  },
  "id": "d18ce5f4c7cb2995f65c870fb7ad6382"
}