{
  "company": "Noodler's Ink",
  "inkname": "Sunrise",
  "dominant": {
    "rgb": {
      "r": 204,
      "g": 148,
      "b": 0
    },
    "hsl": {
      "α": 0.3693181818181819,
      "β": 0.36412431750027535,
      "H": 0.7783167936845934,
      "S": 2.848554848715992,
      "L": 0.2897727272727273,
      "C": 1.6508670145967683
    }
  },
  "id": "dc141adc381e4e1d7004efe044ea0137"
}