{
  "company": "Pilot/Namiki Iroshizuku",
  "inkname": "syoro",
  "dominant": {
    "rgb": {
      "r": 51,
      "g": 104,
      "b": 108
    },
    "hsl": {
      "α": -0.20912547528517111,
      "β": -0.013171489030942049,
      "H": 3.204493232803647,
      "S": 1.1032537160609135,
      "L": 0.30228136882129275,
      "C": 0.6669860868961416
    }
  },
  "id": "de315e87bbb8ee676a3df659b2a8ca85"
}