{
  "company": "Noodler's Ink",
  "inkname": "Golden Brown",
  "dominant": {
    "rgb": {
      "r": 114,
      "g": 69,
      "b": 0
    },
    "hsl": {
      "α": 0.43442622950819676,
      "β": 0.3265341686400342,
      "H": 0.6445528797325965,
      "S": 2.7769328426644075,
      "L": 0.3114754098360656,
      "C": 1.729892590512254
    }
  },
  "id": "df02dfcfea403d7cc9d0c2bcea4c6290"
}