{
  "company": "Noodler's Ink",
  "inkname": "Periwinkle",
  "dominant": {
    "rgb": {
      "r": 60,
      "g": 90,
      "b": 164
    },
    "hsl": {
      "α": -0.21337579617834393,
      "β": -0.2040951588536575,
      "H": 3.904763860034851,
      "S": 1.3174990550068975,
      "L": 0.356687898089172,
      "C": 0.9398719373297613
    }
  },
  "id": "e85e199c7d016f3c859cc6a493bdc803"
}