{
  "company": "Sheaffer",
  "inkname": "Red",
  "dominant": {
    "rgb": {
      "r": 128,
      "g": 26,
      "b": 26
    },
    "hsl": {
      "α": 0.5666666666666668,
      "β": 0,
      "H": 0,
      "S": 2.108286259139393,
      "L": 0.4277777777777778,
      "C": 1.8037560217081476
    }
  },
  "id": "e91d17734c83fe633b062dd5206e137f"
}