{
  "company": "Caran d'Ache",
  "inkname": "Divine Pink",
  "dominant": {
    "rgb": {
      "r": 123,
      "g": 35,
      "b": 63
    },
    "hsl": {
      "α": 0.33484162895927605,
      "β": -0.10972267559259855,
      "H": 5.9665265773827345,
      "S": 1.568818263885748,
      "L": 0.3574660633484163,
      "C": 1.1215985778006705
    }
  },
  "id": "eb02b30108f043e08463ef2f8329b493"
}