{
  "company": "Noodler's Ink",
  "inkname": "Widow Maker",
  "dominant": {
    "rgb": {
      "r": 137,
      "g": 13,
      "b": 37
    },
    "hsl": {
      "α": 0.5989304812834224,
      "β": -0.11114764540548945,
      "H": 6.099695816408402,
      "S": 2.417292956955477,
      "L": 0.4010695187165776,
      "C": 1.9390050456862118
    }
  },
  "id": "eed986cc145f6ecbd0d7fe763ede15ab"
}