{
  "company": "Diamine",
  "inkname": "Quartz Black",
  "dominant": {
    "rgb": {
      "r": 59,
      "g": 58,
      "b": 60
    },
    "hsl": {
      "α": 0,
      "β": -0.009785597782875018,
      "H": 4.71238898038469,
      "S": 0.04672278774760953,
      "L": 0.3333333333333333,
      "C": 0.031148525165073018
    }
  },
  "id": "ef413b5054ba0b57970d73fdb2e02ffe"
}