{
  "company": "Talens Ecoline",
  "inkname": "237",
  "dominant": {
    "rgb": {
      "r": 204,
      "g": 105,
      "b": 0
    },
    "hsl": {
      "α": 0.49029126213592233,
      "β": 0.2942804770141296,
      "H": 0.5405780340007422,
      "S": 2.7570418885544203,
      "L": 0.3300970873786408,
      "C": 1.8201829943854426
    }
  },
  "id": "f0dbd10c7605d2f5400ec730b5ce13db"
}