{
  "company": "Noodler's Ink",
  "inkname": "Army Green",
  "dominant": {
    "rgb": {
      "r": 124,
      "g": 115,
      "b": 10
    },
    "hsl": {
      "α": 0.2469879518072289,
      "β": 0.3651914353307874,
      "H": 0.9761372311035258,
      "S": 2.6076954676502884,
      "L": 0.26907630522088355,
      "C": 1.4033381231531672
    }
  },
  "id": "f2579f7b3dc71df2e92d3cc08980084b"
}