{
  "company": "Pilot/Namiki Iroshizuku",
  "inkname": "kirisame",
  "dominant": {
    "rgb": {
      "r": 140,
      "g": 137,
      "b": 140
    },
    "hsl": {
      "α": 0.0035971223021582788,
      "β": -0.006230398588377265,
      "H": 5.235987755982989,
      "S": 0.03447399489355137,
      "L": 0.3321342925659473,
      "C": 0.02289999181178353
    }
  },
  "id": "f58abef9710b137bb625a446ec05d41c"
}