{
  "company": "Talens Ecoline",
  "inkname": "334",
  "dominant": {
    "rgb": {
      "r": 185,
      "g": 40,
      "b": 49
    },
    "hsl": {
      "α": 0.5127737226277372,
      "β": -0.02844608990532829,
      "H": 6.2277671728934765,
      "S": 1.990724544469784,
      "L": 0.41058394160583944,
      "C": 1.6347190602397863
    }
  },
  "id": "f792ba07a8ef2f34a8049bf6ad8056a5"
}